dnlcjjxqfzpnrono.x;0
iggrsueegbarcbye.x;0
inzsoqvwuclzydwk.x;0
qvpzkuinxqrlecqv.x;0
qpehslnbeedokofd.x;0
pvwuxmvzjgpdtaup.x;0
pasgzvghsuavdjxi.x;0
khgncmgsqpqfknca.x;0
dzkasztxnwnzwwzg.x;0
luvitqvefpcnqedv.x;0
luxnjmbwgcnuxqss.x;1
bpkeiiqdwahfsfcj.x;0
ldjsuboxzlcqvkbb.x;0
czwujupfhokbnxfi.x;1
nipfisnmhnrnzhpt.x;0
kiupuxxqlogaffcb.x;0
cbgcriiqqvkunppr.x;0
pthvkwdxttbmyrlr.x;0
aepwgeutbiqxuqwd.x;0
monsoxzovjxqjelo.x;0
qrnrfrepdzautfyj.x;0
jbqhoazjuehazvyq.x;0
yrzpvfupeupdpijx.x;0
iqfrvhdnxokrgajg.x;0
dogjzmyjzgnhjpgo.x;0
hozbuskpjowfbczk.x;0
zesaedgibfrabfqf.x;0
cmeibfvaleancoie.x;0
qbklaqfycgmijddk.x;0
ozqiunxblpwveykt.x;0
tjosdbtdukyzdqsw.x;0
wbamhzgqwjdcpaot.x;0
unlmvkqbvkoyleyt.x;0
xnmsbovotrpboocm.x;0
oasqnnuuipkksbli.x;0
jagmdelsnighqykz.x;0
jmfovdcszfvtqtwj.x;1
hislsvgotxbwcqyw.x;1
wkovtwgfsldrprls.x;1
qpaddudrpmuopdoy.x;1
zkpsnetqfezzuzga.x;1
gtxnryighljosfru.x;0
ulxnmuvrrdhebqqk.x;0
gjfpjulunmhyhiua.x;0
acsjxzctthivrpmq.x;0
ojitjybuojndphjx.x;0
aueqpybzrdpllyaz.x;0
bbrvkccftcrywftd.x;1
lnrolrtxumzetccw.x;1
bgsvzidapyrugirt.x;0
lkkdnbnctqruzncj.x;1
dwwrhoggwyfyeflp.x;1
cibfsgximlsjaukv.x;0
mtglyahyqzfzpurq.x;1
qxkyhnmegjbkffsz.x;0
hsinhopoxfmfeueg.x;0
qtglomuqqauxaezw.x;0
wkujsjbokdgxrmlm.x;1
bxrrezhlvvuhtgmg.x;0
erpinchxwqoqtupv.x;1
motbaccuujcahsll.x;0
prijxjwinemphgpl.x;0
hfmcbnlvgnjplgpw.x;0
ustilzgtzroedhqw.x;0
ijucyldlomnyjkel.x;0
yklzaacslymdjljh.x;0
fhcgannqwfbpusou.x;0
cbvujnxcyeoagmfm.x;0
ocfglqotaeywtebq.x;0
vkswxnqwjifvyywt.x;0
wrfrblvjvrxjuxmx.x;1
ovhrkskoujrkbcog.x;0
vepjzcxwtnlssbcr.x;0
gyegtsulrhtpzpez.x;0
itzxhrudwwxjtnwc.x;1
qlnyvawgwcvnzevg.x;0
ubqzhqlsbamjsfrq.x;0
wjvfkmgdejbmbugy.x;0
mnnopqqhcdeumlod.x;0
cxgfdfnlfzlkcxcz.x;0
ucnugkvezndrhhtc.x;1
ivruuderpeplzawj.x;1
xzjghkhshdchgxod.x;0
xhajtkeenzvnevhb.x;0
ttrgyjxwmcrjlpbw.x;0
mqrtsnmvmtxtjwmn.x;0
jtualgavxxaaizxt.x;0
tgtenyuxfdtxunvb.x;0
sameknztovokbrku.x;0
itplumimgvhractt.x;0
ohqxwriccxucgifn.x;1
pmnhqjaborpxernr.x;0
jxalsynqbuaxzycv.x;1
wwmpijtloyilnxye.x;1
nqxqkfgiusgdjsop.x;0
jixyovpqutoxqpuy.x;0
gwtrkqplwmhhnzfi.x;0
gerkzwbmpqhuysbt.x;0
rddryfsqftbgvmok.x;1
peiquwzmyyefsspo.x;0
xrajiccjtkilxqru.x;0
mchwhdchhuytdipd.x;0
zdgvutickfymtuev.x;0
pzvawphurgmpajis.x;0
ioprcgufhriesgxi.x;0
jaquebdylqaraapc.x;0
cyemkdwlhsbumxnt.x;1
fyigwvafcvgkdmdt.x;0
fxgalrakrbpxyamp.x;0
fmggjdclwfjowftp.x;0
cvzfahtseyozsief.x;0
wsarltawegktpsgb.x;0
irgfgppidtfmpaor.x;0
jcvxdsoirmehlygk.x;0
vpckdpxdarzyykod.x;1
xaiitmpkllaoscrs.x;1
giyundvnmwelymzh.x;0
uhfzokvhhuobmnja.x;1
skedecyacafimiui.x;0
yrlpwxqnyiphgtyg.x;1
mdgspqjaaearljez.x;0
nlvgybkrfcagfvtx.x;0
fhfveoubwpmqclmg.x;0
daocrzkzbxvwhtcf.x;0
nzdhtmcreplfkmbv.x;0
jqloxfjlvimvycyd.x;1
azfvfnjviqhrsonl.x;0
oxniifxlqmqbvtmk.x;0
ddtwxddmobvjqwem.x;0
yveoluxvjheaqeqf.x;1
cfgshvjwatzhirvv.x;0
bzksnkzenswincwg.x;0
xywzlxdcdcfiznwj.x;0
ffyhjvdsijszbrat.x;0
wmhlkvvzhfdgcmkq.x;0
cawjfgnmsaeakqci.x;0
kaduigpifsiuzrev.x;0
lqtoabvhruekqrdw.x;1
vnirxjbjpbmftahz.x;0
wsxgdydjpxildpvk.x;0
cpquacpwrltigfws.x;0
ngkgcenwzbfxljhx.x;0
oivdymvcojyguoro.x;0
zpcfnecnorrbvxhq.x;0
ktcspjyczgvuvnzq.x;1
pgdayvqoznpdwbuw.x;0
trwkzgkwjigdwdvv.x;0
chhdjmwwkymdwseh.x;0
xwxlxblzusbgawsj.x;0
pbpsocrmtdnpxifa.x;0
tfcufokfaabaeboa.x;1
mqusuqwesetkqupd.x;0
gmxjxoyehttjnebn.x;1
dcpgtopqngvkmxqp.x;0
swczijcbxqjamuow.x;0
ssotgdshkeobxaja.x;1
yinavjoxfkxcctgk.x;0
gmibrurfoyadoqnx.x;1
xxytpykgkksrsbix.x;0
fbyxkfwonsjyivrj.x;0
xzlhehlwhiwrbzik.x;1
iqwtcqeuzfcewgny.x;0
kvmwfpfcbssdbcid.x;0
aozuurvuvxzrtlgb.x;0
xarpebgpggvfdgwn.x;1
hogfxzxckcukkbre.x;0
ahyrlhsiazxopwxv.x;0
mofcxhfpmzajvymg.x;1
vuslsuvfsqiwceym.x;0
dvdojvownmuaynkd.x;0
jyqjfktaabgsytsh.x;1
tvphyilnrfhohudz.x;0
rhehetgxroqsqfbj.x;0
euwgnizekplagfkl.x;0
sacbekgywspsgcrh.x;0
dqufhhrkulvadzen.x;0
otgvxpxuecxyopmx.x;1
ozrhiqlflagxeozz.x;1
codgtporxhmbmbai.x;1
hoegiebertjjgqur.x;0
gtdkowvznxuuxeiv.x;0
kejsbcqqpkwqxnat.x;0
fcwcsganmeexkorn.x;0
nabooxkausocuxoq.x;0
izagitzjqjdutxqm.x;0
uqmyygkonhmtlglr.x;0
sbxsucbedwbxkikw.x;0
txmhbolzspmecglh.x;1
oqolsbhpsxpuywjw.x;0
sizdvyuxozholnql.x;0
qohqztjrnvkeguoc.x;0
fouabqwbixfhgwgc.x;0
nvrxnbfslineoeos.x;0
lypkydxpacvlcxnf.x;0
muzbautugrtsgowt.x;0
rxcyljbxsegfaoyw.x;1
fwzbhzrrwpscyhsk.x;0
bapeyenydeykyccx.x;0
wcchujpvrzrfxppc.x;0
cmsllpzxnpmswmmy.x;0
ruzhuphdzosvguew.x;0
gdbccdfndobmjmrt.x;0
hmkmkkfrlptmukaw.x;0
ctkiqggrpbnumtyz.x;1
ccsilmcarwoswali.x;0
weyyzkhrdciokdug.x;0
uzcaoalfvbougfmm.x;0
ooxuyiznmxfkinly.x;0
ohgqfpwbbmfqlvsy.x;0
olxznboaymsdqhom.x;0
vnzkpnqroofvrxvw.x;0
gisbuwjlyldebtit.x;1
kbuoqavsqgdmousc.x;0
juxtgkksemfjkoui.x;1
nirwsdkpyuiyxrzc.x;0
zstbdvprntgpyhfp.x;0
cocvcibzzlbeneiu.x;0
pqsfjildlaedhbzo.x;0
tlaxueavvorjsrhp.x;0
nsaxotebzxoutdgs.x;0
xcyfnynuxyxharxo.x;0
ltglpqitxjfsmoks.x;0
teidcedgphycqxfg.x;0
wflwrukzxiqjtwpr.x;1
fpcsxkqvxegqdpak.x;1
iyurrmxugignfjao.x;0
zwlzgibnsmfjxqqp.x;0
rrsycvjvqpotayrk.x;1
btkhvagjnxvtudnc.x;0
kpfvaxulzexrqdvr.x;0
uhpionziefvpdfsx.x;0
auafaznbjxuzdanb.x;0
vzimngojiuhdivll.x;0
fevqgwbhdhtbjznv.x;0
akzullhdpfxtrwvf.x;0
rhngyikdesitowtw.x;0
wnftoxwcvoicfpdj.x;0
rnkwobgeunsgmirm.x;0
wgkkgerknpeminyl.x;0
beqlftrhdcxelgve.x;0
vwfsnaygorfhyrbm.x;0
jklvwpbiwfzwprvn.x;0
jgeyowzjowdmxlbc.x;0
tdonysmjtdqunmrm.x;0
aceylvoeonefwtnj.x;0
nrmspitdaofavvgn.x;0
yxggiwaefxppviju.x;0
eekqucpbcyfvwxab.x;0
qryplexswrlulfyv.x;0
tmrixwrxyiddrbkv.x;0
grppwaujeocgxcsy.x;0
totqbirebieqgucu.x;0
kqyjntgnqgtjjbpg.x;0
ehmppqcqmfvbnoht.x;0
mwmdyspzykusvojg.x;0
gcyyxckkzmsbqcqg.x;0
mhrqzprznbguaghq.x;0
kvzjvuytmwmdtqdq.x;0
dgwklinrbqpzyjqs.x;0
hhrbyxoippxztngj.x;0
rrvnvfmgxsfixstf.x;1
jvjfbpbetbnupqbt.x;0
ftbfsbnmnznfpymw.x;0
zvvhkehitopswilu.x;0
kgrijdstwjhvpgud.x;0
trvkmvewdqklabta.x;1
ncqshrcpnwrgjnlt.x;0
nwdwwcfegqrrfadc.x;0
qwqkusehnzfqnmkf.x;0
wxgeknszhaqqpvhn.x;0
onhqihsqajaqnbvc.x;0
vjhzaswktmwpiskc.x;0
irdytaabmucxotre.x;0
eivqqidbztehubmi.x;0
uhvivzddmkmyspcz.x;0
dliunlmnuyfymtvm.x;0
kqblgpshmqpkqhip.x;0
lbukofryjofgyyoz.x;0
vpozexppwmagtezq.x;0
yuhanczcblkjthas.x;0
qspclncrzwvbwxpb.x;0
cycqfsurmnbiebez.x;0
bdtffddokulvltpz.x;1
qkeduaqoxwrbfmoc.x;0
zrawgggbzrkgvbjn.x;0
zadxvqazbtqxdsmp.x;0
xyhavatmvaoinkmb.x;0
jogvqeehiazbcezz.x;0
wsmxsrhiwepthrbi.x;1
rehhpzjmrxhbufiw.x;0
iqzatbsqrikduawz.x;0
oyjqsoywtdzitkih.x;0
footeyzrolqdbuay.x;1
aeiwfeekydcwgxdb.x;0
mhfiargdqibcigsf.x;0
vbxxzpezybbtxjoj.x;0
xnaugevduxbjmggd.x;0
qvputcohhoyzbakk.x;0
jdqwrsgbcotlsxfb.x;0
pwkemlphikbemsng.x;0
hzpevmmhziepgajb.x;0
tlnrhsqjjzlbgkkf.x;0
qjtxdjzfvhsldtrl.x;1
srdsbtprfqylnazv.x;0
uzxdkjoyhpyjhnvd.x;0
jmdohpjozpkwgkth.x;1
ivvqufqczwoqudkt.x;1
zwneyltzmbntqryz.x;0
girilnbmrburwzlf.x;1
rpegsxuveojjsfjw.x;0
xgrglyjrqjxjfwzj.x;0
vuvytvxsnrqewody.x;0
pkatywfneevvgins.x;0
uzthiyhtnoformmk.x;0
kaioqtpwykzusmvi.x;0
dhabgvdgaushfplx.x;0
wxbrkjjyxbhpctpf.x;0
yehyxkvjnywswyrh.x;0
gsbajikutmfijhdb.x;0
exlexjwqulcgoqtg.x;0
enptxborzvbcuqrm.x;0
reaaudnleonczjgo.x;1
fxibltklchplxzkx.x;0
whnvjxcuyekevlwj.x;0
hjmwirpthfhfgoey.x;1
zjqraoroggpjabeb.x;0
ifqxfkcrjukmngrl.x;0
bfusvlimvvetvytl.x;0
itjfiqbkuugherxl.x;0
ppykvqebbkbgnhym.x;0
uroviwqydxotvvzg.x;1
wnosmfrcuaxdikqe.x;0
lsjcceqiiqkapjty.x;0
loblkjstoxzrzzue.x;0
tkafqeoopstnkpcm.x;0
zjmnbvzyocpnfrlc.x;0
galrbylomjcyqtge.x;0
pvfygmsimqspvaaq.x;0
remymqurrqpnfwjh.x;1
ocwgnvoxpozwhihh.x;0
xqpepxjfrcagpvkw.x;1
qzudqwlpwgcyddfp.x;0
kxzxzigplfgtaeql.x;0
vbyfgrjaezmvjekq.x;0
qrjwarwfecavffpd.x;0
qpwafxtvxjtvyqjw.x;0
pvkwvztfrtzluwsq.x;0
qsdbmotooinrfxpc.x;0
bjbapqicwvjaerlq.x;0
rpfphwcozwxgerwk.x;0
athhfwmmdjpnumcz.x;0
josuudojpnmiemlq.x;0
wsgcyshmldhbmump.x;1
nbsncbnulwvbhvhm.x;0
ytbpephsktfmwwlx.x;0
rpofvveqcbrbfafs.x;0
nvkevwyeekvlopta.x;0
qgryqchbjnbywetp.x;1
efkztkncphrgzluy.x;0
izgkrudtlshqhqyu.x;0
jtapgowkktzwtpax.x;0
iwghrgglqdlpuklu.x;1
mocrryrsrppvykjy.x;0
oaxwzaeuqpkidkhl.x;1
xvhxoalhhboxupoc.x;0
faaeewijtsxjrqry.x;0
krvajudmienurkus.x;0
csmcscriovxuxfbb.x;0
zqjbopfenfhzorap.x;0
flctgibfgbtaeaqz.x;0
jjjhminazjtnwpjl.x;0
kfphndhhkevbywdw.x;0
lplwjzfrhqbmurkl.x;0
pxioualbshycfdvy.x;0
myfnasuvlceflcqz.x;0
xfkfqbbavkasehcl.x;0
klqkqbrgqxwszdaj.x;1
dsdeovqtqigkehbo.x;0
elqhfkseisytiqhq.x;0
bddtdgccgjenubzo.x;0
zolvqrgoocoxjhol.x;0
npyvjyhfqktqhrov.x;0
avzzwmmnzjzrtkbq.x;0
kfauxjeihbiydwbm.x;0
bjtxnhyfrundpxdt.x;0
omooxuwjmhifwlbo.x;0
fkcyxtxysmisyigf.x;0
ztsxqdolljpfybck.x;0
txynkisoimpllqbo.x;0
ufyrehlegnqgvfxc.x;0
hynewlbxwobzxbiw.x;0
znivosfkmsymfasg.x;0
vmqevvoopscgvryu.x;0
exnoxcvkjopiydgg.x;0
ftkyxztrlflnvzam.x;0
edtnkgurpqwhdfsh.x;0
syccyiypetlyxekv.x;0
dzwqnmrimqclztnu.x;0
bjwdfijwtvvvqurx.x;1
vvtfqgvjoeftvwrw.x;0
tfyvrgagscuyuouc.x;0
qwnlaglyqrxxzeff.x;0
txmxuzunqpanxian.x;0
vgjefqnmmrkjkynv.x;0
clcsnbzvlwnefovh.x;0
dzunchngoumlmgmk.x;0
srnbppvcxkykmosh.x;0
gbxidkyecoqdnjnj.x;0
jewqvhvzxlvmnwus.x;0
nkajaeynisxepfbe.x;0
cezifqnrwemiosnz.x;1
napztzfktzousxgw.x;0
honrgdctoqyojynn.x;0
qokidwojxjigyeha.x;0
knnmxfpjkbwmwwtn.x;0
ajjdklpbegfafova.x;0
fldbvybiucifbrlj.x;0
ztxpbbhqfeqzcclu.x;1
firvbgcmffieuboa.x;0
ojpofmwepdoefohb.x;1
unovbgkgebjmeguh.x;0
gmlgckvcvrbpdynu.x;0
sbqrrmnrzzvefvmq.x;0
wjuzlyijmamhhjvn.x;0
jlpdbgbtpzjgdtwj.x;0
gkjihqnvcfrnyiug.x;1
ahtvigijldzhfcci.x;0
ydsoljutpxvflftb.x;0
qakqzexswmdomtmk.x;0
poovcpodpxuaibld.x;0
wanqjfktbszsusmf.x;0
lbvhmbgbmucxlxax.x;0
rfqhjfabhewiidic.x;0
occydvcfijqhwxzl.x;0
fkwfognhkavakozp.x;0
twnherjvypqjrdxr.x;0
lhebhosaepyexvqc.x;0
gnbartzsiildejhz.x;0
evwgkjxjnuxmbcgd.x;0
gchkkwqznndwmmhu.x;0
ypchcyvlnsfnouvt.x;1
rbzlwqsbjdkyvkfi.x;1
gqvtbxceeadkfhxq.x;0
rvpcrgupnqpqmpdf.x;0
isqjnpjfcnykqypi.x;1
slotdllphiwkepkq.x;1
erhpjgojxnzyqvew.x;0
uzuzaiunwdfmuuoz.x;0
sdqqptpdltvgppqq.x;0
mfgtlufjwavbxomh.x;0
qssakyaoutedqoww.x;0
tcyunwuwqscpmgvv.x;0
qkvnomojamvxsoga.x;0
qpnfizzlseiyheri.x;0
yxeztuzvuwwdkxjj.x;0
izujszfnninfoeeo.x;0
cjxfcwljuokawxly.x;0
gtkbmejohjrcqzpm.x;0
zhhxszlkssbkpssx.x;0
yxohtnrnvblsiqul.x;0
dbuneuoamcgcctcc.x;0
gkhhsotnrrcdjfhr.x;0
alvlhtvvrnaxwndh.x;0
eewlncjwjdmmpiwn.x;0
devnrackspwviqks.x;1
zvcgnxdtysmoirgw.x;0
rujccwhsjdudxfmb.x;0
eshzxeqjwemivmdl.x;0
pmzvwyhcwqqxpoop.x;0
nxltjovhhpyqqlwj.x;0
bkrngqmaibrgajli.x;0
hxoqqvzkaqpkzrgp.x;0
johkdgdrrdvmjcsn.x;0
eiccgsvbawxrgthw.x;0
xxsuvfillrmkpzvv.x;1
hcyyukvcvbffenik.x;0
tkhhtssdjptpzoyv.x;0
pzzthxyklxxvusgx.x;1
gveqksemmyzyimhh.x;0
vpllveowgodbmbcz.x;0
uaahwwvaenasimrx.x;0
qbfoqvyegajspfxc.x;0
xrcgzghedltojsea.x;0
osmqjgdlsyedoioy.x;0
tsowtzqiafthdajq.x;0
kmrwunmvmzscctbh.x;0
lfatwvcjjsqwwwkh.x;0
ofneeqrgehvktxjb.x;1
lwusxecmugdotlag.x;0
xrgnwnzlmkbpzpga.x;0
bnjwqtqcfkiyknqj.x;0
xxhdzeypqmerfmvh.x;0
urgpcdmyfwfbppkw.x;0
izhyuirvxalmuddf.x;0
lslltiqojeksgoha.x;0
cyxkpccadxvfyrau.x;0
ufoztdcfkryzjyxn.x;0
kkltqurgiesmtcmt.x;0
kkglztifnhkixtav.x;0
capsagyijdxvdiwe.x;0
ohttcnmqrykdleno.x;0
gqsyunpafzhaiota.x;0
smglqcantcttxxwk.x;0
ekptqrkzjmjnooky.x;0
ewmeyrfmqfskehoa.x;0
gkazejuquexnxeki.x;0
tckqhjcytwmswqjy.x;0
xmzcwbfgxenytfhj.x;0
reerfpkrlispdjcl.x;1
unaakelewiuryxef.x;0
rdzfjtsdbuqwnxjy.x;0
ofpxqusmwzpoqpip.x;0
dmqpfuxlwphrmqch.x;0
flmevyryycniqutt.x;0
geqgnrbptvaumymz.x;0
mwzjelbcrnqszlca.x;1
tbiurynmszwherug.x;0
whnctoulgheqjkvp.x;0
fldsvqsajgjfrzyx.x;0
flwultiuiteajnqn.x;1
eaxdjanppsxcaxgm.x;0
hcnzpjllhoihjafn.x;0
aprrheavsqeznbrv.x;0
wxobckoclczhptxq.x;0
vlzjimpgnmlmxoiq.x;0
naehlogpnxrfunja.x;0
yznsmwsdfdvgfxyf.x;0
tfyzrhqlgdpiydng.x;0
eahqtckaeryzegaa.x;0
xtakhkhknjhziuhr.x;0
lrjhsxqgwprcwxcy.x;0
ekpczzwmhhgigfav.x;0
qfvaxvuzuepmtbhq.x;0
jjntkxzuleihjpje.x;0
imnbiejiaprzxlir.x;0
jejuelerijyetgbe.x;0
mchhhsqsqjnzszuc.x;0
euebmduyxccnfhpe.x;0
uzkdqsbcwaycfvqn.x;1
ehsyhojpllixlewa.x;0
pyxzfdedgojqwrfi.x;0
lzsqwearftipvlcl.x;0
kyzdtmtqyyhpevlx.x;0
yvzuirkzxklxjlbx.x;0
zufgmdzxakofjymp.x;0
lptkkffzvkcfmjtl.x;0
dgokwxuivtchbwxz.x;0
jlritcymixjoomlv.x;0
ponxqszpzstsgkca.x;0
idvcxxsyzpvnouml.x;1
qfmschswarscuedv.x;0
ybpjuxhfvsjwiwio.x;0
ytssygzflhffxyqi.x;0
xwlsceqmgvoomhig.x;0
yycqswhbxngszewu.x;0
vgvivnjxadtsyffy.x;0
kjbmstwncgirmmft.x;0
ypxtnrdtwupmpvxz.x;1
uumjreemjivrycev.x;0
ircybtbkogepkqiw.x;0
rekpolzyveigmybv.x;0
czixvxqctdqvgnjq.x;0
bigymdqwikmqcvzv.x;0
ppcihkonffpnfbnx.x;0
fbthklgiabgkukds.x;1
urdwofvcjhmfrbyt.x;0
blkwssrtlxbyzrij.x;1
rjfrauliybsqvona.x;0
mmrzxjilmdtqsbhk.x;0
gqldqupazkcpidol.x;0
ccuyfptvbfxyvxyk.x;0
amrcdqauoqfbymvo.x;1
yvnvkthygnuybvop.x;0
hmloqhsbbvjegzul.x;0
szgzcbdewxtrvnab.x;0
fvsfifbtcpusfmam.x;0
abafvhljigmzavzn.x;0
rwwwvfvsmppywuup.x;0
ilpsieoxgjisfgzj.x;0
slwqsluongkdurcb.x;0
gmvgmkxjrjlcjtzz.x;1
hvhzrdrnfcvwfpjt.x;0
dyewypvvqcqngday.x;0
ksmaqmlvhlkzikwl.x;0
varmyrpmxtwivkfg.x;0
coafvzuttupkgrpq.x;0
jkzixkrwaxrzhlmd.x;0
dqasirdkhrmohxit.x;0
plnkjuravlmnwghg.x;0
jdqabblrgszyohft.x;0
zbcboclbwfvkwrbx.x;0
saitrldtsqovjlcn.x;0
trmeryzokmpolrgq.x;1
cjgfvbztagpstgki.x;0
ljrlhovyjiuwyszi.x;0
fydcyfsbcspujijf.x;0
jsgfomhatbowekfb.x;0
llsthyiywuezyada.x;0
zvsvzopdmnvjqtpv.x;1
juktilonxwuixnnw.x;0
hzxtebimvtoesbbj.x;1
pmadkroklspeaskm.x;0
iahvqkcvdtrrvrbd.x;0
xehvxzyytnclrmin.x;0
uyxgednxqdyfcpuk.x;0
kdehyrunjpviiqbm.x;0
rprcjhfqgumgrijn.x;0
irmuqajmdgwhacnz.x;0
nqlbkjajxgifpngq.x;0
qeztmoftuoonmeqn.x;0
fawcppeuulbaeqgu.x;1
issljswkbwmuhdbi.x;0
kwokjqdvmxjfcbjz.x;0
yveecbrufrvbyhvk.x;0
uzhajcadorjlcxdw.x;1
geqneoumyxagafmy.x;0
znufiqxtgnlpzddm.x;0
ofosxvukbornmbsf.x;1
injgtzpucmvbvbwt.x;0
mwgtavdijoxiismc.x;0
imawdvubnlaicoyd.x;0
mzyelsdmflocubip.x;0
blyqrxbpqvradrwu.x;0
pqnypdijjcmjfdua.x;0
qjwprooqdjofsxsc.x;1
jwuvqomjzbsutyyc.x;0
ncatxjnonchswgwv.x;0
brssrczhnfvvanol.x;0
gguvxwulelikkkxj.x;0
zgmcbmrvbvukjpbd.x;0
rohukqpzwgnmyfqg.x;0
txtrvryvvgaoyggf.x;1
dqmcrlyuasdplwki.x;0
jorewlgakoooghlx.x;0
eueayluhihgqsird.x;0
wpwhcatacxjkotoo.x;0
oynnyieynegfggpe.x;0
yiwjemzpcpphrkcm.x;0
nihwgcejjyzmfkes.x;0
zkncsnyfwukribal.x;0
duzgwrlfisoftntm.x;0
yzyadeberhvmhwkh.x;0
kmeylpxgmontakek.x;0
npycxoquzavtkssp.x;0
ozztslezzjjtszpe.x;0
amermyvfihumaemw.x;0
ngxiealwareizvsm.x;0
ithjmzcrbpgrdapm.x;0
jujfpvifvtcpxctd.x;0
xeimhihhawnutgkw.x;0
kmljuaztkigmxkga.x;0
pventiehbnnouqei.x;0
jhmzwioqeyokwpit.x;0
tbcabjqfdjuckpvt.x;0
yikvngseneclsehk.x;0
jxwkifhtqauxtjan.x;0
edizuujgqgjxcoux.x;1
hmwsfnfvhnutnzto.x;1
ovoydxqzyryzpvxl.x;0
gulztlyzjeezizxi.x;0
tzkxfpllryutsldk.x;1
lvawnepifnoloffo.x;0
lykqfogjbopgaizl.x;0
jvjcpgaxjdaptqty.x;0
lusbeydcoidvprjd.x;0
rgvjvdoegzbqrwll.x;0
ehuhcujmmloqirad.x;0
erdhtpbnqkmqkkys.x;0
yuankiasxszbvmby.x;0
xeqntiiptvutxvfn.x;0
vqgelvnbgxfibeek.x;0
hdibzffzmxtgvfch.x;0
gokzqscpafhtfsop.x;0
iwjunilhlcnempxh.x;0
zuhczipwsnkqwkyx.x;0
hyvdsilrbtzpnvjb.x;0
wtuoxgdnmomnbpks.x;0
bgsxajkbicfyqbna.x;1
kdsajklwjkocbmrq.x;0
zalowjsymgfivuek.x;1
jhzyskmyqhoyhkzl.x;0
jqyayipoftkqxlik.x;0
dyklwsyirosrgbzt.x;0
teibiufyptjwwgde.x;0
cggmiotomtdknedw.x;0
lxtpcwxasjbnqkth.x;0
agpgevwlawmyckoc.x;0
aqxazsgdhvtomvik.x;1
jswknemsrbzjoktr.x;0
ridrdkogmqsozisa.x;0
ttvoibsbpknjvbdh.x;0
ecskymbektkjmbrv.x;0
wawimyzvbfpdxqzw.x;1
sfpkzhauxjwxzocw.x;0
oqsfmfbhmhfflbak.x;0
toqkyxpjhstgruep.x;0
xkodumzmmdhjngef.x;0
ipnovjaxedzebkte.x;1
bnqermwcuzzuusbi.x;0
bcoyymysghrvuacw.x;0
vmfmohhribqvyked.x;0
vqfcigrgpuufsflc.x;0
aaolhraexhvcmmwa.x;0
dwwkclasjuuquecc.x;0
fcntmhwmwbnxnyfk.x;0
fqspptliforzkutx.x;0
xfidxtsnmzpuvoiu.x;0
ekpqhikwyajimqfh.x;0
pswbgwjbyixrcken.x;0
sghsefudjzinnxmt.x;0
gqhbhsumyhwiwzpp.x;0
grvtvkfetxudehtd.x;0
swzkjmwisjncogyu.x;0
rkmkkihgxaeujrsw.x;0
phqubeztpslmpafo.x;1
mdfpexsespytrunj.x;0
gscpqaqjdlfeolan.x;0
ldolzwymcppisdaj.x;0
zqitjrihfeljcywj.x;1
rikszfrqcijcpgxw.x;0
jmhfuzdztzixohqs.x;0
txejlhqfgevyjeyi.x;0
pvkabtgkyrvyddhc.x;0
aowikogmqkvvpdwk.x;0
ymlmrpxzdmahxvpm.x;0
xpszmkdhvvinsjow.x;0
ahkbfbtdbfoyvtiu.x;0
kyigziqilcyarsav.x;1
ywoxlmcyxnwujask.x;0
wcvhruibstijuldq.x;0
caxzzvnirorbzgcp.x;0
cahjulfieuaptbym.x;0
wrrzkovzzvvysffv.x;0
qjkvtcezjjuahzpy.x;0
dehfstbbsdioivvm.x;0
ujrudwxbpaafnwrn.x;0
gblbptfbymklzzfa.x;0
craqcmmiiomndwnn.x;0
mmgvpbdwmxodpfua.x;0
wmjolvyojktqrbui.x;0
rzypkqfcybmvzjke.x;0
ppbcovwmhrbnitng.x;0
ldzptakbeikszmgd.x;0
fvpvenalvvwhattd.x;0
yecsxyehzqznibfl.x;0
njqvlmsxmhxtnxlj.x;0
mapjddqljunakvae.x;0
klhzrzwbwwjfniyx.x;1
oysvkogeogjlerys.x;0
foqabmtzesgarfzi.x;0
unkgnawbzicnntgb.x;1
jyhvxpeamfzclple.x;0
aoigcvvbugqtjlgt.x;0
otcdxlbwiglzpcok.x;0
wigelsdimbpusqhq.x;1
grwvecvcmvqckshh.x;0
chftgsfwbcblioir.x;0
vuumrmzdgnekxoti.x;0
ffngudfifkvahmrm.x;0
ugrzbvsdxscjnmzk.x;0
mczrpihenkhvmexn.x;0
nruqqvipglmihmqo.x;0
oigcgwokhpkbwoib.x;0
lftwzfsuxtjywldb.x;0
gqtotgrmtjwiwkzv.x;0
htfpxcdoqyvexxij.x;0
rlmkkxknupnqnaar.x;1
fmywhbpobqwkejda.x;0
lrkvozeaftzxaetx.x;0
ydtdfuhbrmawpetk.x;1
fqminofwazsxyucp.x;0
tdmljnzcmxfiflfo.x;0
urevcigqgmoafzdh.x;1
cvoicideikkyfuno.x;0
kbfeerdgntqabxcd.x;0
amikmfgjccgpgkht.x;0
ksubyyjmlgeazqxf.x;0
zhuytalkionhfwmh.x;0
hfzobrxxshzktrgz.x;0
iurmjcakaylmnxra.x;0
ifkutuvuqghrviyn.x;0
zlngajmjjgdshoil.x;1
cdhvbyqatdafqhbd.x;0
rwtmfkgtrbxflpjl.x;0
srgymfszuzbwxsqj.x;0
laevhxlxehbixgvd.x;0
xwcrdbckpcyxpjfl.x;0
pctcznbtkhlgvngb.x;0
hbvvynunxbontkmi.x;0
qppuudckhuxuimis.x;0
pknggciscwnqaeub.x;0
ybvtmslhtspdygjf.x;0
fkaotlancmegcafo.x;0
dckujelffocsixrs.x;0
zznfchgqhwfhrsnn.x;0
jvoeweejcmtebhac.x;0
zscbyydlqyvbzbfv.x;1
lziwieujsymfucyq.x;0
okbeyobxaazdrumf.x;0
udatqvrivtcdchkh.x;0
bivftyuwlboljmqi.x;0
vdbezhgdeheinfpb.x;0
huxxrjelecnzfzls.x;0
lekvhzfizqoqdlof.x;0
wcsruxvkrsvycwqu.x;0
ftqifxqpovfgdxjx.x;0
kjeyffjegyaotlse.x;0
ogtqamunbinsupmk.x;1
nvfrrhfobcbmevun.x;0
thuboyxdvsaygrlo.x;0
flwuyxazwlgejsap.x;0
jsbmwxziltuocesl.x;1
vqsrdnsmwqfsbfvp.x;0
qnbkpaotggxzfimq.x;0
wwpvapbegbvgwcrh.x;0
gewohepupaynvaqu.x;1
nsqxgybvjurhgwhi.x;0
adggvooauuijvvoy.x;0
thmaivfyjnooklle.x;0
koplhlxktwyhjaqs.x;0
totmlyqdvhmtyxcm.x;0
iaepmpitbyyxqgbp.x;0
czvhmzjkqutcwvgg.x;0
sihgijyymlheahxu.x;0
ehzfpyiajxuifxkt.x;0
xwmdfvrkwwvzuxxm.x;0
jllwikknxwgbgdro.x;0
bpmrvxzoffcxzxud.x;0
lbyjnggufffgealb.x;0
xcpbvasnfkrgczux.x;1
cigwqrjxwobdrlte.x;0
eyehhwzswzkkbvkv.x;0
xjkbwxtrggtkcvtr.x;0
scnoeubptdsopoac.x;0
mrsofvmkyhpeeegm.x;0
ahaxfajccjrqafit.x;1
tlzwifkmlcciuipg.x;1
yviyrwtsshdpozyb.x;1
cciqgcpwdodfuiam.x;0
dyoruwgteblcqyad.x;1
lhzojdegvihlzuwv.x;0
vodzheztslevptgg.x;0
npkyanorprtiqewz.x;0
gdxfbofdvkjhspsq.x;0
zaqyvezwbtkdgxhd.x;0
ykoiolsiqbhjjzvd.x;0
nakhgfdyzwbqiedb.x;1
aodblcinmxnakkqj.x;0
rbwcyoplfklzyjhz.x;0
ndrlxfsvugftnoxz.x;1
qgnorgdedmiswbnd.x;0
otdfwmrsvgqincec.x;0
bwqxgiyyfraqvwxg.x;0
yahzmjxwdrrmaqls.x;0
encowgreczdgnjhe.x;0
vtycmhtdtxwxrydj.x;0
nfpiqaakpmaumoxr.x;0
fclrdixkebjqsrvj.x;0
xjhjocrawdsdhfgy.x;0
wohiryougjmvvbni.x;1
mrqssqtcpahnyuhe.x;1
gttyvcyoaudpqezh.x;0
mhdtlbffjkscgynn.x;0
gfjdxtmknlpoyohd.x;0
ryowlcdxolvchvmh.x;0
yiwtwljryearhjvo.x;0
rxnfiooapjvnhaxk.x;1
saxmrfgsrejcbqdo.x;1
quxlxrwizntsnsls.x;0
ivaltuwledvndgvn.x;0
cifskygxqogcnaur.x;0
wdiwoxuufakgotvs.x;0
edhczyypmazqqiuc.x;0
jzladwrbewoygkya.x;0
vxfgsihuglnlgmal.x;0
cohnefznuslhvure.x;0
twfzkphpztarednu.x;0
rufcgvdwuanpffyq.x;0
gmoxwlikuipgnarj.x;0
cyqtnymwqvdrgoyh.x;0
ihqoxiupsavrvahf.x;0
bhhtvcyjioampsyd.x;0
utinhzwnbgoyrhfg.x;0
mldyjgrvryxqdqej.x;0
akhorgkqadmvvxhg.x;0
waxreektpszjeztf.x;0
zvosiqpbundgnwom.x;0
kagsrsmuwetjmxpe.x;0
nfepijlrzhvtuvcu.x;0
rrwqeccxcwgrmzrl.x;0
xaxwzzlijbomscoo.x;0
hhbzrvjhpjijrepq.x;0
qcyfisbaqdjckbkx.x;0
ezxupcppgaqdxckr.x;0
kjvhdqjcrnnkcfoe.x;0
dxdhogtnoeskmcsr.x;0
geptjlauyrajrkuv.x;0
emajksjnnhunepjy.x;1
yohtybnxrshonbom.x;0
kugxhjbxxtfuwhqi.x;0
xvdljaicykcfbdac.x;0
hsddvfagjehsrxdi.x;0
xzkfulabhgdplmsp.x;1
itynsumwlpmxwjzy.x;0
drknpklwisgbupff.x;0
uckonbmepwzglkar.x;0
cufpmnhpbsfsvscg.x;0
jnppjtqovyycbwhl.x;0
pajiwrygyubjqrhg.x;0
zkmurylgrjeutiqo.x;0
jquljqmqizwxtqvu.x;0
gggeuhdswrqsxkkz.x;0
oorekuclcwoskcbp.x;0
nutzqsmuqzefzgbe.x;0
lcmatcwlkpgiumeo.x;0
vnepxcucbddeiosg.x;0
qvzwvbtvnyflghdx.x;0
npyjdjmzfthqsbib.x;0
elyxnxrhcdpbtjvr.x;0
thfdobnusichmtds.x;0
exoczyqcopxestwf.x;0
kkiuixzyinuddyvb.x;0
yvsqywqkvbcgfbgn.x;0
zytjbibdajzfanfa.x;0
fmnvtmchqjvhvxrd.x;0
xtloxsgghjssikbq.x;0
tcmcjhgkyuzvqfme.x;1
shvimokbksyrogph.x;0
abngajamljedjinq.x;0
nqprrgztxjzumhfp.x;0
qzhqwqxaxkgtuzqk.x;0
ayvwcyzjcdljewnz.x;0
woloqjwmxwvmawsb.x;0
jkktntdrfbbarzcv.x;0
xvsmdgcnomqpdvqn.x;0
zyhyvkmsywoilmhf.x;1
ufndwrpqhfatvtdn.x;1
eukqesiuzqvtzkxf.x;0
qvsspvgemvjjhpul.x;0
msumxvdjhjrnhulm.x;1
zexvhtsnajquxcca.x;1
fsssxqomfrwpnnqk.x;0
uupzxbvdhrnwlsyc.x;0
toqbkteihweacrda.x;0
ssmmxjblgpxrgsjo.x;0
iltnusnvygbetwtr.x;0
eimrdfzrgsrwsoum.x;0
brsnowusecusfdhg.x;0
omkuoskzmqideekr.x;0
cnbavmibhfiejmys.x;0
wiodvpvwxmzhdquy.x;0
oiftlwsgrkclgaxf.x;0
pwexhniowunxhbbt.x;0
jxywzwbuzbhojlih.x;0
rzzxlrksymzzracd.x;0
bvpshqncetopxrma.x;0
ndeuogselkabfzsi.x;1
lzerlrgcaalsughp.x;0
bewmxsgnthypnqwe.x;0
hwgddulyingnplow.x;0
tltbegpkobilvnnq.x;0
gigcmexzdlvkrlhw.x;0
soggjwvklngzzfhh.x;0
uxqrvcypjjvqwosj.x;1
fmibxcfbxtzkqoxk.x;0
zrrvbfrhinebvezn.x;0
bqwemrtkhxdyvecp.x;0
bkdjuyuoeovisesq.x;0
wysawzuieaxgvakv.x;0
fmsaeuljnkwogegb.x;1
hmnxfkiwobtyuouq.x;1
jygqcgbhzivdtzuv.x;0
zzbkxequbnzdniyp.x;0
jibyvwgzlbszkaht.x;0
szleidirudqbmxas.x;0
scalorlidenshgdo.x;0
geaewskmdcepfubn.x;0
kgztpbhpbbpynnss.x;1
srznundqlytltkyz.x;0
mzmfrtxrefrrilmu.x;0
djvuoophknoxzrkj.x;0
hogcnozngceppxdc.x;0
iyxsmqzoyflsdttw.x;0
zehlvmjsrxfjtaag.x;0
pkssbfddradpjtct.x;0
rzscufckdimlgyei.x;0
hnqxnbkkqblpkexw.x;1
locszrvbwetlcrcf.x;0
lbcckmgpqaxmdagz.x;0
wfngofuhmdxaxjse.x;1
cwgbvyzuvefwticc.x;0
fevhokmspnshxhxm.x;0
iulhyykevsqcbjvh.x;0
gwjdbmfxzmqanvjq.x;0
qnyewsibbtpvzbtc.x;0
ltlsuxxbzayenkse.x;0
anreppvyytuwxmsu.x;1
tlmbrqokirxzhmoi.x;0
ryqzzhgsswbcxqjm.x;0
vvbgrhjhrtgcuias.x;0
esijuxextglgskgh.x;0
axdpzptaesaqfdku.x;0
jmspzjtzfhshewyf.x;0
crrhusluavrwvvdv.x;0
rhmxcmzybwjvcrak.x;0
nccihxaieiarnjjr.x;0
sxsqadfkgrgcfcho.x;0
eqwdzigqdyekstvu.x;0
fcyotnjfkxxjzotx.x;0
xmxcxshpemaidrsk.x;1
cyisobixrvfhmrar.x;0
lgeekpunyqaucacg.x;0
qdeimvutagmdhfrp.x;0
ssldkuqkpwxvdmtr.x;0
crlkjxfzlkiwsyyz.x;0
euallgtpcpjorpje.x;0
cjtgbpwybsuupwcb.x;1
lewsgiqddlynowus.x;0
smcrnnjigrnkydpb.x;0
jedbqrpgivwtvqyx.x;1
wrhlvzxfecqeezpi.x;0
mhlkgsqktlbrjmuj.x;1
cvuvunhvzukhwrjs.x;0
yhkwbukupexnbmax.x;0
gzeiljixgfurareb.x;0
vblnllqrgxiwppst.x;0
eyvlqsakivrihloa.x;0
htavuueqkwjhplil.x;1
tpdfyujlqzbyuzqs.x;0
hujnqgfbvkszwxan.x;0
hykjcbnbzwutidkb.x;0
ctoodkraueljzlee.x;1
qdbgwdomedrlctux.x;0
cndbrqwsqbeddbxn.x;0
onezabnfjykkkuuf.x;0
nrckpfkotorvouqv.x;0
ovyrsanxctrzzmcj.x;1
akwlkqviannbtebx.x;0
yinqzznyhlbtflhr.x;0
xrvagjephpchquvm.x;1
ypiqxltwyifhtjho.x;0
mulnmejyiwqbnthb.x;0
rvkhkqiobmtpuugz.x;0
ibyqwgasvvmfnqao.x;1
truremdphmbzrucj.x;0
ngzzezcbfiehylis.x;0
tppgcpbhmouwkson.x;0
qlbwmzcpgjgcpjvc.x;0
qzzadiucgfjnugax.x;0
dacgyfkaxhnweejx.x;0
tluycqgolixlafhl.x;0
rcoccmpeyyxldybo.x;0
wluqihybmeixfrzh.x;0
hvdfscnzksnjzasl.x;0
ljsjecrhvzwqjaxu.x;0
nkxlbcmdticokowr.x;0
ppgufnrmqqdfaask.x;0
xgcnhgqhedtkypwq.x;0
qqrretrmssdtfbld.x;0
iqhwdseivcdmmium.x;0
omncinoqmpqziuwf.x;0
vmauiyndossrdwul.x;0
qncvjcdoaykzkocp.x;0
fawaiideadisspey.x;0
uzxqtstbtasomepc.x;0
dzcjvkujrpimiton.x;1
awghgtzfipvkawlz.x;1
cqgaoixpjbocklig.x;0
ufjakvohrhpabqei.x;1
ckxgielvyzweyejz.x;0
gulttvoeqyxrfbfu.x;0
ofrftcucedxtreil.x;1
svqcvvbmxicbjedo.x;0
jzihtdafjgxbyivw.x;0
nrmfgkyqqsrpmyoq.x;0
hpktmojnspvagbke.x;0
vsohhrdsskibhkkp.x;0
lsrnoqwwvkdeomax.x;0
dvgrtegsydvvdqdx.x;1
uwsfwpxfbturrnna.x;0
mdsvzzxsofxeauzt.x;0
juhuhqvlmeaslhfu.x;0
wujondczdygswbin.x;0
bcjannyoezlhtsgq.x;0
aylksxmqjswmzhrv.x;0
rgkrkbendwdiukwz.x;0
eqloufcekivygati.x;0
vzylpjblzhzfjatc.x;0
plgwucgmzdjsmxvq.x;1
vdvbpzxjsugsghss.x;0
mezhkyysloosrqlk.x;0
mtnmunzlmilkpduf.x;0
gbdstpcsemitvvqg.x;1
lxjbjytamxwncixa.x;0
gaowrdujbcjgywtb.x;0
wqdmhnchlrecrgxq.x;0
dleddpprpiwbwwgq.x;0
zqtvohfzkwbivmob.x;0
dakazicteiyoqbtx.x;1
hacrpxxnufiwdayu.x;0
bzyduciyudmedvlz.x;0
olsaxfyahomryhjr.x;1
npvcveexnelzlcmt.x;0
zthgigmpwdhxgrsi.x;0
edjfslfrldozfkyz.x;0
ezunuybvrfwpofgg.x;0
iulxtuzolijdtgrh.x;0
dkwuptiukbmvjvvf.x;1
cxdzdxszgyaqwdgq.x;0
kjhxbxijkyusffuv.x;0
rhqecpkqastdlsuv.x;0
oojlixpgeobrnxqo.x;0
wqxfbkyunkkqxbvw.x;0
urtuyfciwynawzfj.x;0
ueippphthgwvguul.x;0
syuouurahzlzphho.x;0
xyuhzhskeaktqiwq.x;0
lgqwjwltysjagbdi.x;0
wjidefieywpbcitt.x;1
cprnzxxkazjnntsk.x;0
hyxzvrvunclzbdld.x;0
mjoxcpmpfzrjqhyi.x;0
qogbobspprxmllfo.x;0
oxrodcskfomwedni.x;0
praymwgdjfrlblro.x;0
yopytkbdtizzxzqg.x;1
lqnrpvdfckwsstjq.x;0
ukhblwwltpfzrwco.x;0
zcvygshueuvdrxqa.x;0
uqkflaekhcvwdile.x;0
zrswdlztkbxsoraf.x;0
vgddrjqamvdbrhac.x;1
uxkgoghanwfmqzcp.x;0
qqyssukktoshomjl.x;0
dqqhuevhddrteapa.x;0
fyenazjclmcfdlku.x;0
tilutqjateewwqlm.x;0
jjqxxtjkiltfarmr.x;0
alqttvhnhtvavqnv.x;1
gnqnzobbvhzmibjq.x;0
wyqqtztggvpngkyu.x;1
mddthfvpzmulhylq.x;1
dumtwhhrygjdwjqk.x;0
bbetjlkdniyfbvvw.x;0
mbjhrzgtcjgkexra.x;0
vjctlynlajjbywni.x;0
nshyfbnmxvdlsvym.x;0
jaaxvewxwkjvfyuc.x;0
padeztyluuhlsuze.x;0
qluexxaiflufkctg.x;0
eyfardtfqiuhlrqh.x;0
zksecooxefwtoqzl.x;0
asejohoxisxnoqzm.x;1
xcswavvnzlbsdutf.x;0
onysfyuzhskghiws.x;1
uppbfijdcslmpdma.x;0
nzbvwyybbufeelmh.x;0
koencuxnqkihadup.x;0
ohiwqyyvlqicjpcp.x;0
fakiilenlsczqmue.x;1
onggjxrdofuylzrt.x;0
oxrrdcqjbdfnimrd.x;0
xcbaomjjpbyibocr.x;0
pgnlrkyfushjtwih.x;0
tcyyoglmkrhljhqf.x;0
auiqmqvclqltbbqi.x;0
yoylqagwmufmxktw.x;0
alseszibqklepneh.x;0
relbdkxdygjzeupr.x;0
piighwwccvendaim.x;0
zgnffuuirkvccyal.x;1
lxuoxpxtzqqmfirc.x;0
bkuhclglatdjabpw.x;0
mtjriufhuclxknhk.x;0
pkwwthakapnywxdf.x;0
omhmcsinbvawtphi.x;0
vorfdjstxijtdrjb.x;0
ujdjcyapqhukwsaj.x;1
weeuracmkwjkdzxe.x;0
lbgjnlongmhsdhsq.x;1
bojclhmehhaszujx.x;0
xaqiapglixerqwfo.x;0
xbpcweodypweqsfa.x;0
kdblilrdrgytvhlk.x;0
andrvvvynwagzdmr.x;1
wkkpcdsapplwxdbd.x;0
abkjrqvtovjegroo.x;0
aphjuddzrjmnbsgp.x;0
wcswytfcevwdnkvt.x;0
jkgzzbmcrzicxfbi.x;0
ztjreppyycylhfpi.x;0
eyskrsxptubviuuo.x;0
ozzguirojwowhvef.x;0
tjimzykyjpjnzque.x;0
cooiawjrshzkkufd.x;0
qebcmtdjtilktjoa.x;0
ufawewfmlkjjvnnz.x;0
iqprlbweuxrhywbe.x;1
nmeokjhoztgkgoyl.x;0
spvipcioadtfknca.x;1
eqfrdzqwqizzjogw.x;0
tlztoobwodmoplse.x;0
jjquzfhwrxqrvjzz.x;0
dhxniacrllbkfsdx.x;0
fialxunhmqjkqyrn.x;0
xxdytpjgalgmybgu.x;0
atowjygljotkkwop.x;0
uoteqiklntdonynt.x;0
gtqjhztqidxghqlm.x;0
nmvlbnwrhelspalz.x;0
bkfresqlfkjgkdwg.x;1
kjkiqmowoiptxkgt.x;0
jsydltjcwxvwihkg.x;1
kgechnhpahzpkjwn.x;0
yrhtscqvccctlwrl.x;0
ueladgruzzuserje.x;0
fpmbyqahfnnnrydm.x;0
zmjwhzsmcqiglutf.x;0
rqxparnfnehfbgky.x;1
rlxkczxlrqeweoeq.x;0
yrzpyvjeqeapeahg.x;1
kopmyalakqiypwar.x;0
bbmanhalgkngjafc.x;0
lpphvpwuuqrrgqwx.x;0
uwmklirielmewach.x;0
omtalyemeaevkrai.x;0
ctoiwrqgzolpwnab.x;1
nvdqsssnentwwifh.x;0
bzonsalyeobbskjb.x;0
rcscaenukukyindo.x;0
ohcggjoslcktrvvu.x;0
lfowscuysrxqugjo.x;0
svjqxoglvljnxdix.x;0
ytwzuprvdyruxnfn.x;1
gvffzyuemchxnuqc.x;0
ygrkdliwvjzfpsku.x;0
ahcbfvmyjemzzaih.x;0
kwlzlkrlpbbzaotf.x;1
eohacyiaxtdbqdvc.x;0
apeppmupdpdqjijw.x;1
lkodbqletgaeapxc.x;0
ppbqbhrjerccfyod.x;0
qyaotnsyywduxzgk.x;1
ynhbrmgaxlamgdlu.x;0
uoiciuaicjymozzu.x;0
zjhynvwkdeyechbm.x;0
pblrljufkxdhabmp.x;0
ksahikawnhdzsath.x;0
ruzpnepyirnroecu.x;0
hdjawyazszknoluh.x;1
mpkudjtxkifeekau.x;0
kqaodgatvumhcwrh.x;0
axsfaavumboapdwp.x;0
bfxveoywvxaeepiq.x;1
zrldiorgbvteybil.x;1
ndtwgmijiagihoju.x;0
zygkqdegcrvnaiwk.x;0
zammsfykirktbbty.x;0
otudxtpsoyhsnlbf.x;0
sicthuyxyfoquvoi.x;0
gnlnijgpnhsvnyxx.x;0
kvdilyafbwematap.x;0
kbpgwobpnyzoprhp.x;0
cexylcykyzidzfgn.x;0
tuzisdecwbgmvlsj.x;0
wukpeubzvzzwedsb.x;0
vlzwgtttpliyllbq.x;0
wgieqfbicsizrkzo.x;1
kdqetlfurazhxgmd.x;0
hpazubovaoythgio.x;0
oslndsmolyqdbxev.x;0
dbytytgjdveynara.x;0
pkiwpthjjwlgaekg.x;1
brklwsuquiqamxmf.x;0
psaekztwqldjjleo.x;1
ddqnmljqirvmupma.x;0
gtpplbjffcasapye.x;0
vtkvniocympslyno.x;0
zzexgnxwbztxahby.x;0
canjjiyckyoopnrh.x;0
ftekbdosskhxcgjj.x;0
jhrovwbyvxpkwuji.x;0
siphzwdvpvtpcuaz.x;0
nkrexrvmbahpkyqm.x;1
xyjlodgpkgsfcbur.x;0
vkabthcsqmunhkpk.x;1
tfpbvqevqtugvfxc.x;0
htbvyckyajovgkfc.x;0
tjdlqmydmeoyozmk.x;0
fefvhrtphaogcnbv.x;0
xuqpyuywaamfasuw.x;0
ermihaakkkkkqogx.x;0
qbbxkozlofedrqmz.x;1
uvfigvloopgvynmr.x;0
jgwzfwlrjuzxotmm.x;0
wkhprqmvqcalropm.x;0
mgkaqwpefotizsik.x;0
gvorltwnmxlcuyum.x;0
ubdglkorgquehykz.x;0
ojtqknedtpfjtqnk.x;1
mxkidiujdwcejtre.x;0
pmzkygpddgzjjurj.x;0
xdzespfstvnhpfhr.x;0
ytlytgqmzkwkrxss.x;0
jocqblxewmricbpt.x;0
wmbaoksyfastyvhm.x;1
lparwjmdoszlnfaa.x;0
ebrrburossgmyyeo.x;0
egyckwrqpsjiyqog.x;0
qcqfopkuyyasbdtk.x;0
cftzinnfutmxndaj.x;0
dvzqekjxxyuexpbc.x;0
tadtyefcdjmpzuis.x;0
cssbykjhlldwlfnj.x;0
serseikxkkiazilu.x;1
ynjqgeclbnxptfrb.x;0
htkppyhdnqqryssp.x;0
iikhsueslqyqzhro.x;0
rmoprcgggamuknhn.x;0
zrdbahqwfwduyeaj.x;0
crnggcsoknwwlvxo.x;0
eryfhlklglxfrwes.x;0
fkprpskfuibpltsp.x;0
xjfniiejxtpamqbj.x;0
xkykeqalxdgdpjwk.x;0
uukieibqgtqlagbx.x;1
whkbmrssgwcdjyar.x;0
dlrxispheoasrgwx.x;0
slkubsboroxndcxj.x;0
kusjiclikatjpbjw.x;1
gfjyjlqwqkomitcb.x;0
frdbepmulwpvekav.x;0
npnuklprudzlowgw.x;0
mqindaadyrpeztvz.x;0
ayywhfzmbrnqepov.x;0
shgtmwkbbjpoiqmw.x;1
gdngrcagaryprcgx.x;0
hgunzymlegnhnzkr.x;0
jxmcskmhvsrngkvq.x;0
bxfjimbwdqtwftlu.x;0
hxgueknrpldsurfk.x;0
lqctmyolwinbaudl.x;0
sejfpocdxogrlslu.x;0
wydntqhjwzpltwqi.x;0
kojvwcsrfawxyybr.x;0
raidwjaikvemgusy.x;0
ucqhiqarnrirufte.x;0
oijvfemunvhlmdgq.x;0
hnihltyhwippbsrw.x;1
aawrbicfoehncica.x;0
xnhyyqrqmnwgsqxf.x;0
ubbhekmyfcvyjuer.x;1
bcsswshsnzfdwdev.x;1
rbyxdpayqcergvhj.x;0
ndnuorkscikiknuf.x;0
smhdeqrlovvxwrfy.x;0
btukimtgunkcpubg.x;0
edcbuamvefluezhz.x;0
myqnljkfnxcnpoxv.x;0
ednuyrjvytirdtbu.x;1
njmicgeexnvbujjt.x;0
mgfxjksuilnwehdt.x;0
wtaccqytkvaoitwx.x;0
pgsxcuigvrkngybm.x;0
drhzpjdqeelzvujo.x;0
vajamuddljqiijdk.x;0
ushcnclhvfrwkyxj.x;0
hazuuqlqcmgrbkpx.x;0
avaushreqathcufp.x;0
upmfjhovkgbjzklz.x;0
weuyffjrnqckzbjm.x;0
ukafgjfrrduliiqk.x;0
dasyfjehjqpcqnjz.x;1
tfsdympmhxorarsh.x;0
ignpjgdywbymnszm.x;0
duwklefqksuqugnn.x;0
nrafqkztgjcybjqq.x;1
boohxljzpebnchcq.x;0
llqqgjdyygwfminu.x;1
hlnbykskqzbkcygy.x;0
thcrbxrymbkfbpsb.x;0
rulvzqirpcyftxss.x;0
ixkmbemdetyrytor.x;0
ziixpiamabbowuop.x;0
phlxqcpwqwrurvpw.x;0
dabribexcybvojdt.x;0
jmggqvwhojkxdesv.x;0
proqjszkvgwmytbm.x;0
bljeqzkixabjabra.x;0
jeowuzmiuodgefoy.x;0
shmggpqlzzopaeeo.x;0
kfglufxevzyuirbo.x;1
gbdevmlndmvkjkdg.x;0
umohdfucswiqxnkw.x;0
jcnknpyqewmjfdwq.x;0
vdrhzobucikbqfkb.x;0
bxhngwyeokelpzcw.x;0
ewsleachuitbwkld.x;0
dixyfqxhfsksgikz.x;0
wkuwbyrmyrkzjubv.x;1
yuqadgovbiamqyah.x;0
ujtuynpwalgwazcn.x;0
cceqjirmycntzxjb.x;0
omsrpogcyieqlqga.x;0
tvlrcquornbmhjmo.x;0
ugfxuwdbjysroqtp.x;0
lavoxgnotvlmroca.x;0
saoykjccpfxwnrks.x;0
uquyxvgsxhausacb.x;0
wthncjibfqgojpkm.x;1
mqojkhzhgbspvjjz.x;0
uzdhgqeqogysjqjv.x;0
hgkrxyceexvisvcj.x;0
btpcvfnxdtmyoqzi.x;0
msytekehajggsnga.x;0
hlynmvwwsyuvmrep.x;0
wcumfpswpcuknsox.x;0
vmysjtxulpknhdlc.x;0
jlbbgufcjsydzskh.x;0
anuftkinklaucxiq.x;0
yznzruvhoukxtaea.x;0
eoeklopptrzfijda.x;0
skccdpedxygrpmzo.x;0
plbezhfktkavgbqj.x;0
vbujauoneclgmooo.x;0
uqaxbvswppzwiqpc.x;0
ddtbbkmiwchrtave.x;0
bzlkmhuylgynnmji.x;0
wmwobygagxfjerad.x;0
owlobtkkeshtljfr.x;0
rjowytapsfozzzpp.x;0
ummcstkoibuyihmk.x;0
yphjgmsyxkojaqtg.x;0
iabyufbudloezufm.x;1
srwmufybdfuxbdre.x;0
vpbvibqzqdnisggk.x;0
hccbptjdqfooaita.x;0
ffprzisfnhtspsfz.x;1
kxjyecohrfvybace.x;0
hqwbrdxhifmvynkn.x;0
vzejplosiqfgfznl.x;0
krtbxqhiiuaukzzq.x;1
njaeidvdqbmjrihk.x;1
ceabdqhxdyxsxmzn.x;0
nyormaocpisvmdol.x;1
yzhzkxumkfhondcm.x;0
atkliysjclmxbdlb.x;0
ihwfofysiviveqor.x;0
pwkciwxufybpdoyz.x;0
pxmoskoarfwwfpss.x;0
ccuqgdqkdbqyvjfh.x;1
krnggjdwxeornglp.x;0
jrznwmbekhlqcqfx.x;0
xjhezpbnzbvedicv.x;0
jssmhyygzsvuozxt.x;0
wmdetoijblrhvsuj.x;0
diymeotmfrxbakwk.x;0
tvmjohprsphwnzye.x;1
ilqibvdbnlwmengn.x;0
kpbjobebwkdmfmgf.x;1
dtpeicxiutujhfkb.x;0
fmzqduryoyjoojgy.x;0
izqugobmbdwcgssw.x;0
cebbasmontmayvfh.x;0
famyghbozzvzzymo.x;0
izjufcrskunrndzd.x;0
ipdlppgqjyparbnl.x;0
lwceicjqsmkjlpal.x;1
zoqunlwkomdwcnly.x;0
pizhplejcziqazni.x;1
tfvxzgpwvjclghnl.x;0
mnkuxonxarqqytdr.x;0
domjcsfnqfmubvwh.x;0
badkqftpeevuhush.x;0
odvwftvbagktlsxt.x;1
vgrwqsdubwdegyol.x;0
frcgfbagjvbtibju.x;0
pusneypfecjowjeg.x;0
xwtbakjtnfylaoqe.x;0
tkogmocemgnmvbid.x;0
ezaprtjvqewjlhop.x;0
augftwtnjtoenkig.x;0
rnxiljpxrlydbcki.x;1
vndeeqtgkisfnxmg.x;0
smpgpfxqcmoxqulg.x;0
yxxpjbenmeslbqnr.x;0
elgbifyyecnwbwsl.x;1
gvlrpmaulbhgwqrb.x;1
atyddjtjftcclnqz.x;0
osyfjcanlvprgodn.x;0
ryknekxseyoquqbj.x;0
qaasvkvditpilmum.x;0
imrjyflshkyibudd.x;0
pguewjoartiglocr.x;0
civsazkgdufcckrj.x;0
duuaofpngtbjqfal.x;0
uxvleuhfctscsufs.x;0
ihtujoddlnwapcml.x;0
egjgmzynhalolevh.x;0
oexqtqfgosirjdcr.x;0
pcbifefqchpboylf.x;0
jllpbmfcsixjaamq.x;0
zphmdgbykxsbcuub.x;0
pazwhpewoeuucezu.x;0
naeuwwatehaakfct.x;1
kuitmlyaaxsusqbf.x;0
raqvffoivezrqerq.x;0
bukoqnodxsskhqrf.x;0
vltbryddctjvaegf.x;0
lttgilhtsprjumqd.x;0
hudsvnljrlnsguhw.x;0
cduwwigclxigybpc.x;0
cfkprgheyujpxlcr.x;0
jadbjeoghyiagmvx.x;0
agmiizdvpulyqlcs.x;0
tmmbbrsmzywspnir.x;0
druwoxzimalbahas.x;1
nfpqmlevqbvkvsnj.x;0
kquerqprzhgevyly.x;1
iohnxpnwvlsxbyyr.x;0
mlxtvajxengzljpv.x;0
ncezkwpivrwtyhxb.x;0
wyzarfliunuwnemu.x;0
yhtqfhzxgbcwqxck.x;1
pqxdywcofcfnpsvx.x;0
wmuvtcmqscssghvi.x;0
uzywimovblvdxmal.x;0
peguvomqaggxwctd.x;0
dzcvlvooedjldnnj.x;0
slowsxqlheyddpom.x;0
jjqjfochekjqzwhd.x;1
ffxiugxqdetfyuow.x;0
hruydmilmyvodhmo.x;0
gkjqlbvjxuejlodl.x;0
ebnxobqqoatiapnh.x;0
nrmaajuuebbvtgig.x;1
figezjsdnrhoertu.x;0
drdbyoqqmqpyfoxv.x;0
fhrnwdxfilqtignf.x;0
jgalckvtpztfpxca.x;0
wbrvevrpnmnbytvq.x;0
vzqtqfdjxvqeehzo.x;1
izojftprwhstnhrc.x;0
sbgbycdorrvqcsxy.x;1
pvvvrfsslvcuzybe.x;0
hnpwztwczsxiuude.x;0
imatmwrocsxjzfmn.x;0
dowbotqcznaclyuc.x;0
mgxesktuoggipwds.x;0
znnplqhuodxgztwm.x;0
wyjviddqhgexcgcm.x;0
vingxubphcrdzhdn.x;0
vysrcslmbkpknjaq.x;0
gdatdfdhmkxlgeby.x;0
xnstckrjoarhdqlv.x;0
fiutiyprwyrkbbuw.x;0
yoqrkoqdydmfupzc.x;0
golfenhffjsnxrrv.x;0
yxayrdtiqdrebubd.x;0
wswibdnttcqraico.x;0
vjyjwyllsutasznw.x;0
geedhjtpwnevztsm.x;1
vjcudstslacrghbw.x;0
ylkogkjnnceorirk.x;0
eebpnudtkileujmw.x;0
fshotgepftcxxogm.x;0
fkjkweljukrzlxbp.x;1
diobyovdfhtqaxww.x;0
plzjkxholaundteu.x;0
sweplmgbmkdjwnsm.x;0
wxypmfhxcplvajbz.x;0
griucwcdtzgejhtr.x;0
wcpthbqktozeqopk.x;0
rfbmvxzfagsyhgky.x;0
sjkpcouyqxmblrzt.x;0
uoojuhymlkjfzciy.x;0
norgzfkxalqrphzy.x;0
znlxaokfbqwmipau.x;1
jdcebpuwualgfjtz.x;0
lxxtmthzgfvgoect.x;0
ladjilrpbrceomrd.x;0
rnitimctlrpoqwxd.x;0
wtuddoajrqsxhcxx.x;0
qktlggndvyytbfws.x;0
ocoskqrpquckezen.x;0
otydjtgqbyxivvqx.x;1
nyolrvmpbkoopyit.x;0
exilhakbnatuvtop.x;0
bnjcoitwwdiqekfo.x;0
cpnqslxhqznckwsd.x;0
hjzhyudwjvkwtcmg.x;0
adxavvnuwysvouxp.x;0
rkjhaalibkxpazok.x;0
rnlbcefsywtmsmpg.x;0
sykqglqiynvrjhfb.x;0
bdzxnwirjpfdyllp.x;0
ozdgaqkpnmptyehs.x;0
jcvgzpckjzeljxmx.x;0
ypdvagolqoiiagni.x;0
claiynaggeahyvev.x;0
wnmtbpqtumqczgcr.x;0
mslqvlcpnzrdofnz.x;0
glhnbvjaxkhuvwxy.x;0
zyxhbuspecisafzz.x;1
apipzevflcrufars.x;0
lunplmolpiefutbk.x;0
yxhhmhmzxutelkij.x;0
ehhncatztzzhogwr.x;1
rcbgmycgaliaxlxi.x;1
zjgohpihljirzhne.x;0
bowxvmwtxuazoekl.x;0
zzfwbvfsgmrrxrht.x;0
mtuqwetngrbeoxxd.x;0
jqpdseiiwhocqdjx.x;0
arxrzslkshzlnsds.x;0
akhbqgduubpsxfnm.x;0
hncfnmfypkpgroui.x;0
alqwtncokhfmovfc.x;0
vrqhfjiwvnnvsbky.x;0
npjitdggygdkywsc.x;0
lbktdpcflxvlmqsa.x;0
miuhqhmjnykdeerh.x;0
jzuhjfopmbghagjk.x;0
dqbismecucmtsolw.x;0
kpgkitqsrtdosedp.x;1
exaghphvgxfdoske.x;0
fbmeyjbnlqsommee.x;0
lgvllttforduvgtw.x;1
hashcbayitejhufb.x;0
aoplyqhtzvkogzbs.x;0
crbfgpindnnzhdej.x;0
rmgwcdajcrzdtaiv.x;1
oxfvtkcjujmwgndh.x;0
mkkeuthkuyhwaasy.x;1
oiduaciirgylqkxm.x;0
qfseugqazoubsxqx.x;0
ueuvbjnxnltgnffv.x;0
rleugmxaroqvnkog.x;0
qsfqwfzunuacubbe.x;1
diesolufuiaydgfi.x;0
fhkybiqgufilfiiv.x;0
uggcvtvohuwieyey.x;0
sdazyeivwhrthimp.x;0
iottfkokimyozkph.x;0
zjcxovgrtrnwsngu.x;0
ewdlkfgcjzgeyvla.x;1
foskvvnlqplenqky.x;0
rjxzzhefnkkdftcn.x;0
tnurlcqbowgmcqqw.x;0
egcwzpliqhqmgfof.x;0
lelqhmkqmuevwegz.x;0
lpdtbgzwpkwjdzfq.x;0
vaugxvzoxalqdlcc.x;0
vanfdybaietoilac.x;0
cerclnokrlhemjkg.x;0
tojehsknzqsbjtdu.x;0
kaotwswlmgcdslqm.x;1
ltkeeyipfegfrrqw.x;0
avznoglsgqjstues.x;0
uqakwjumhuptubgd.x;0
mjilbfsyzzvbkdbx.x;0
xiyejcoenntoiokv.x;0
jtosmkddawthnigy.x;0
wlvxpmquvilzlozk.x;0
cmlkhnsxeakjasvc.x;0
ozgtqnsiloqhloar.x;0
xddcdsttpkdokuyj.x;0
oeejkrizcowlnpdm.x;0
bzsrvaghihugskuv.x;0
rdjhacnqksqunjpz.x;0
givgtybjlprxcsax.x;0
sxlhnqtbvywmdovj.x;1
mpskbbcynywkrzsf.x;1
abphiecixpuoushc.x;0
qmidtaxnqgrpuzqx.x;0
peswqjvwhnpablxv.x;1
repeuwvbyyxiwxna.x;0
kdjeskfsqseeljan.x;0
tkaxjwcxhmibxxzm.x;0
gawatkwnprcqamqu.x;0
cxdytlhxtgsecdlk.x;1
spyacixhtzovtvif.x;0
pmpwfdpyffviwepn.x;0
klnazbpvstqpswjy.x;1
akytezijvynqhaqf.x;0
biyuhurlbytwqwaj.x;0
kpjfsksbaiqojpdr.x;0
eissgqbkojzlbsfd.x;0
qldlwntifbyefpbu.x;1
chvsfvmalatlgeik.x;0
enlaxkyulifpzcgb.x;0
elbaxrvuwmiburxk.x;0
xazngpewydknyyrn.x;0
zteebjpnpwoabzip.x;0
rhucngwyyayjmuom.x;1
jmexylbviusihbfi.x;0
vqscllflrlpgtqcr.x;0
psuycahwtaonjvlp.x;0
zvrmljjqaadmvkux.x;0
hdzlqyqegpdqflma.x;0
zidqqzkdjtksgato.x;1
ykuansqlmfgudqey.x;0
fdmmwuqefbyuvtbn.x;0
cluaftmjjlqiajiv.x;0
qgtknyxpvjgxuets.x;1
eagpgvpavblrqfes.x;0
ocvfqjtmzwnhrqfd.x;0
fpvuyxldfbssvhrw.x;1
clurqcitjirbflyo.x;1
rrqicmwqzdrhooey.x;0
wuuxssvnfurtxtfl.x;0
mqqyaxaclzvhyrpd.x;0
oellqtdhutkhcjpw.x;0
ekfhjtprjvjvrfvd.x;0
loijmprxbcxsawui.x;0
lcrzkdhxwjznodtz.x;0
udmrkdmaokdyvomk.x;1
wzwehphdouehpcup.x;0
cvkdpmhevsbdxcxg.x;1
eqecrgdbpjvziqez.x;1
scirxszlnylxtpwj.x;0
pilrvabufjpdbioi.x;1
rtsyjzmmgwhxdihd.x;0
xjqebdeklucqmehs.x;0
wqvnpeszqmexeorc.x;0
pqqfympbyvuplrez.x;0
qfiavdwpmjmnnhuk.x;0
czriwlzcwomqyriz.x;0
ilgoduyuhrhdkfqv.x;0
rpywmoikfbksesyq.x;0
fwnclzizgayoqadh.x;1
qoqjeudddioksbih.x;1
nfskffzsrarwajqs.x;1
efhbcekupepaiqsj.x;0
ldkblyqbzmlicguh.x;0
rhejhhqnrijoktou.x;0
tuxadpudriqqxoam.x;0
jpbezlpfxgugsyng.x;0
vxzcihycukzfajrx.x;0
pxvrhxwkbybgrfiq.x;0
ubtjbvpqeehcwsyy.x;0
uknrbudliysyynbt.x;0
vynfcsicalmxkkbk.x;0
yqfqqmuhrychggns.x;0
xjgwjaustcvevrbh.x;0
ppynkbrpndanrgzc.x;0
quczythgglwonvir.x;0
gklsjaxazfdsndce.x;0
jvnrxomxuhcjiude.x;0
zouuystxgdscdnzx.x;0
iztvzzcckqdyakyv.x;0
lmkigbpcplifiqst.x;0
ocypklwjzunizykx.x;0
kavadvystzskfkjk.x;1
wmzvzkcwrouhvgst.x;1
ozaxslvkihrptfdi.x;0
vtjhpbceeficleua.x;0
wctlmmpskukigwje.x;1
aoljgmlgnureuzdd.x;0
qezrvjyfaoetzktp.x;0
ffsooyhhweepmakn.x;0
ppxywslmumysbzge.x;0
qispxztbtvtyqsfo.x;0
bdggonkjtaehiyjv.x;0
phhnboqjzvhceoyg.x;0
rsuhyohzapietxcw.x;0
eyqjgfxnyvcfyave.x;0
sbvugrqydrehyngm.x;0
unxncioxznrrhukr.x;0
anrssijgmcinaqgx.x;0
knoohfilxkqzpxax.x;1
lytkzcibobailwkh.x;0
cjxxsjxtvmrldurq.x;0
mnkswonnlzcnxddp.x;1
qchjdnnrsmjqxlni.x;1
pbfdfjmezawoajlc.x;0
awlgpbzhyhnfbtop.x;1
crpjiiugtiiqhwpc.x;1
qqaiveomaqozxfmj.x;0
hxryjplggktfgvex.x;0
dbeaiehzkjfdczvr.x;0
sryvblewgbhunbpl.x;1
mipugkydrehgphmq.x;0
mrvfxhmwzjpyoxgy.x;1
orvuagodknosgpdj.x;0
itjqioacycaezfdk.x;0
nloaanzrnokqcozp.x;0
gpvksfpmkesxixik.x;0
dimqsmufnmoeqmna.x;0
enrpofmbnkmgkcsu.x;0
jqyveqdcrfayrgbi.x;0
drhtxbdovsradehe.x;0
ihwrzbnmmtuzhcfg.x;0
yilvclbnfhvxwfhn.x;0
mqvjjbcitinylech.x;0
mtqwleysjfitqywn.x;0
vyfiqzyajpfskfjh.x;0
qkutyeuteyeytfak.x;0
uzkqftwhmllsznjx.x;0
kjedhstnrtvoshji.x;0
vfetducyuiuaumpq.x;0
zogkjwlmsmfclqyx.x;1
oiwzfdxcqudwymqk.x;0
jtxgvgohrjrgxbnx.x;1
gmqhywicudducoew.x;0
niquytijmejwjdkh.x;0
ojygoblupjmaspti.x;1
hvhdeyzjcnbnripg.x;0
wyazrrdcthkzdxkx.x;0
ayfspoebagqliwba.x;0
awthvyxynszwolmy.x;0
mixpjnfvezhjzgud.x;0
qmpnmqievqjjtiwl.x;0
khgonssfdikrrzub.x;0
ggqrpoppqecdmvyq.x;0
nnvvayctdlwzwxhb.x;0
zkaitklxkupwyplj.x;0
iuwqtzswchsxrpmx.x;1
nnxhywigwlhrqqyv.x;0
uunoblloovdzizyv.x;0
zngqnsvzmoqixfpz.x;0
rfybdfeowcpojtxq.x;0
cddttqchnscrwgcq.x;0
dfpmgxrpwokhoxgk.x;0
hsoieizazrjmajzw.x;0
ogxfgxsaahsmspjg.x;0
lgazodorllbfcuqh.x;1
jziefixjvqgeeqwi.x;0
fgmznafuavvadkjr.x;0
fbzbqychqrhxyvjy.x;0
mcisdwgwrfyxoncb.x;0
gfgixcmzlmncmtej.x;0
ydskcjrcoibcmybi.x;0
nnzsqugcqldjbvny.x;0
yqrfkdkpjazzyceo.x;0
ihgzksfyqnojapmy.x;0
rkrouobrsyrsmgdj.x;0
sqmogfsdjgxslloq.x;0
uzrbsbdxdoriuimm.x;0
zpymzvkribdyijzy.x;0
idfrzzfmkvmutwau.x;0
hzccooolwjgbdmxh.x;0
imluvwaoayddcenl.x;0
pcogkhmrxfdziisj.x;0
qjmitlbddovtucsy.x;0
rindeydhffwhqtwx.x;0
cevytaksouvowvmu.x;0
eqfnwgcotvzvyfcq.x;0
wpevdiuwtvwtyljx.x;0
bifwrwocektgdpsh.x;0
juoicxtflpyohssd.x;0
ehuczzvmxnolorcz.x;0
ieuefupvxxumovkq.x;0
zhugwdzdelnnfuxw.x;0
eqypfqgrafvbiocc.x;0
nipvbbhyekcstqbh.x;0
ispkpamphbpvchia.x;0
pbiswuzrpzgssucp.x;0
qjwmyrlaahzozuvr.x;0
ifxdiwlnjtptxsmt.x;0
ejmxppnvhijxqblt.x;0
wxbgrsbwmggtabxd.x;0
qblakudftwyzfugn.x;0
bhjmrykhmmxastbv.x;0
uvhnhciyrhzthfgj.x;0
qdlearzhrlmunnxx.x;0
bboilovloyviqcej.x;0
gbmuffugmgnajwuj.x;1
kgrxeyvtclnlfrjc.x;0
hnhidhtzjaczurwk.x;0
smqcmwbuzgnpxzqa.x;0
jfzatizxkytvtgew.x;0
qvrvxcpqyepmuocn.x;1
kkuvfjpulvtfddiz.x;0
rarcdniqxdqgpjks.x;0
nhwszguugugjhkbs.x;0
bslothtnfqmedtdf.x;1
wbnopnuiztebktcj.x;0
lxhqcwomglijbmou.x;0
pdkhvbrkeqfvrhxn.x;0
qhyzrfnheiumscga.x;0
isspzprxksgkdpjo.x;0
txwquposamkgjfjj.x;0
dlzkpocsxihucfqg.x;0
vpihefffeeckqahw.x;0
ocqqoiixfjtoaeqj.x;0
dtlzsvtcecnpnbvd.x;0
yoiybzjvjoluodrh.x;0
rimldmcoespjycmv.x;0
teztltxurflihjgr.x;0
maxmpsfqjgrsqeyr.x;0
eyfihivmuydwhkbr.x;1
pfylomgrhasqfyzt.x;1
mpootsftqpktjncr.x;0
qhwagounueebesmm.x;0
uuswowecbvyxwagb.x;0
dzfszbqvedmjjuye.x;1
fzrvcfiqntbndqfa.x;0
gphuveamnopucchq.x;0
jabpvvawkkyievzp.x;0
hgwoznzpsornemnh.x;0
nbgkgjdihojpxqqh.x;0
tbyrflbvjtistlcv.x;0
cqxmavvcitkksera.x;0
nbhrkfhpswwiteoc.x;0
yrcukxhxtdjszokz.x;0
wdifutzpymhtxxmv.x;0
idizdzuyflzccdeg.x;0
hnfjldmkoglvtleh.x;0
neooragqsmjvitxd.x;0
gdtzhuxdrfrivujd.x;0
ybbwtlaildwvbhgd.x;0
troegvyrxfscican.x;0
pnlzfafbvbdfurpp.x;0
zmmgyakzdxhzspcb.x;1
rlxlfzdfkdaxlhor.x;0
hkonqrnmiiiejltt.x;0
qjxoxtphiwylqacr.x;0
xceesdiijfwbckfp.x;0
aotagulzwchyoief.x;0
wnqexqnucqcbqnul.x;0
ewayvdoihbyzrtqt.x;1
rlondgcbogiafrcc.x;0
ftnydorsyaxmzpkm.x;0
zjsvspbecnaxmakt.x;0
cysxelvqkturueks.x;0
mzzjzxeucieokryc.x;0
kpfdebwkchjueiuc.x;0
xmxxkskbmqxfqiax.x;0
jlgsdtcxehdrjvzr.x;0
juhcogpjtpzqlatg.x;0
wmywdpritgpgjiok.x;1
tqqzbffpladpyvbh.x;0
ckgcbrlwxdmouomt.x;1
bajzleiheqepzyhz.x;0
hmqsajeccyfssimg.x;0
wbbiwhzhdwftnxxs.x;0
bdjkdqkflalpjieq.x;0
lmsvqldiokmdrcso.x;0
piirzlouxmfyrskc.x;0
bzktatwsvjdgxeon.x;0
ylnsnfmfyspqrojg.x;0
lyrurltiuxemuntn.x;0
fwsprjewyoufibuz.x;0
ykfxqjkbxfzcrvon.x;1
ehuogidnlrxbkufc.x;0
rtcwadvgumqhvxix.x;1
pyaltbfardirpgrv.x;0
zuqymagejdfadpgy.x;0
opyrvwysfguhexax.x;1
zdhdagbcaprwldpj.x;0
qaafkzgrjzsrmbpj.x;0
lchqoldzdogsjgnw.x;0
axouirlnmxauiisz.x;1
etzsehgihxvavpxb.x;0
dzmtfjbyokwgosvr.x;0
meyemfwgmrkrbucx.x;0
pcjdtrdeiqpckntm.x;0
rvbjmwdbwzzyqkxt.x;1
rlcwkmbhwcqminof.x;1
ngcglrrppxnwrenj.x;0
szhxlxmebgbcpxas.x;0
wcqaqgvlbgtjzxec.x;0
wptyfdlwoscsrswk.x;0
kxstqpgvhpfiignv.x;0
wdrfhmfshljnpnyb.x;0
dsdiituvsmryhltq.x;0
mvobcmelvmelmobf.x;0
qicvsiienbqxajas.x;0
aywizhnvtbcpfmgi.x;0
zfzqwxoebhsjnnwi.x;0
ambblnvqokwghnzt.x;0
sigcxkweyrcqafwn.x;0
tfgaapjvgahenirh.x;0
pwzuoqhnzoquoibr.x;0
fmmuhlykecyfkmyf.x;0
zzitsgkkviefpbkg.x;0
wrnwhzljgmrhmgay.x;0
tthcwkppnvujdldn.x;0
iywbjrikoqejjqjk.x;0
mlezzxiwxzxuwnoy.x;0
cqbgldiyntvahnhz.x;0
meptldcorsdvzvpk.x;0
mdxawxnbliaihfci.x;1
ezgufwcdjqljtzwh.x;0
oltoejpxxrcudsjg.x;0
xdqffnkvevbzyauo.x;0
ftkefjxxabxtgxkh.x;0
rlbrosxblnjgngnt.x;0
dpuvdazlalhkepap.x;0
fuukzbcstisbujby.x;0
zkglzjigewnzxjyx.x;1
ckmorkwgbzyfqbkl.x;0
lnweukieqcgsdlfe.x;0
zgwcnohydscwwppe.x;1
vswjxnshpcjsqrye.x;0
bfgjnleajddcjtug.x;1
rvibfhzpwpflaurc.x;0
vyvbtzrwemcpcaab.x;0
fbfvvnrairrdswho.x;1
rvsyghnohcdsmvtq.x;0
vofvxonlcampbhld.x;0
qzbgjktxpqsnpzeq.x;1
hdlubadzqgrabssc.x;0
iukowhluotunehkh.x;0
dtxzbqbboexoroim.x;0
nwdkphutokynpmnn.x;0
yoyqadmhxmmhycfi.x;0
kbcpfioisdgdpwym.x;0
tmywmxmwofxvgdqf.x;0
smygrmgwlkdbksvw.x;0
rxfkwuvqshdqhmyn.x;0
mmglrzxkyhrgtyya.x;0
kpmflsvgsbcwlpzs.x;0
enktdujpykxeberf.x;0
ojrhpodawdupengp.x;1
sylawhlgfufwoxst.x;0
kyafavnwqjkusmpq.x;0
uulkqwwwworxypwb.x;0
gxsfivduohrlrkts.x;0
ecfscdjysamohhog.x;1
vjsbtdrzlykuttla.x;0
ncubgtfhhnbhsksz.x;0
rcnbdduagotlefbr.x;0
wylfcvmfesoqmner.x;0
nftjrghguxcnekmu.x;0
lobfwyojzfzrdgic.x;0
qzekpwwptfjltpxl.x;0
khkrklovlojlmzfx.x;0
xlwmiedzdndbwwvd.x;1
pvnvfevhaqkhzija.x;0
leyvehaibwphrsqc.x;1
ijnhppqvfcmpmgni.x;0
mgkrmcsqbbwhsbmq.x;0
yhwbysqfgohhthpb.x;1
dvohwjhyftxinuho.x;0
uyfnohmkspucwuid.x;0
lxmtalvhycycofmf.x;0
phcqxqdfltmacjyq.x;0
uaawcjjxkyoupefc.x;0
ffueafwsoanzodam.x;0
oewulvbcoykxarxo.x;0
evdasvjnlpnritzv.x;0
arrajhaoeilyjjmq.x;0
mmclzhchtzadrpwe.x;0
vufxgygjfahhrysl.x;0
lptypqesefwmktqt.x;0
cacutavjqirvfjfy.x;0
tsqtimszptozgwkj.x;0
glsnueaqirxinrrc.x;0
trubpgfrlfbklrsd.x;0
magkvuxxirktcpgd.x;0
bgkabzprerarlstv.x;1
gfvlbiedglrdmwns.x;0
qunjmxrsfshyemdr.x;1
scbovccekpiogqow.x;0
wmzvrucdxmcqkvnl.x;1
cijhsrpemvdjuzmm.x;1
irtndjbmgohibtra.x;0
uoyqrpoozoaivisb.x;0
higgsrjejjholwsa.x;0
xooquieezmfivfxf.x;1
vagvtpfwfoafffrw.x;0
vqmxtdnphcndevww.x;0
qiotdvmznzqfilgs.x;0
hnmjdtfttuzxvrrd.x;1
zdjyuzrwhxvvbjde.x;0
ymrfweyoyjfmaxnr.x;0
eecesouxdvshzhid.x;0
vcwdsuishyqtgbap.x;0
rkvdmywkcxitfwps.x;0
hpkbpgywfoeulkog.x;0
rkpndxoocfwvnmis.x;1
sqbctmqfssuonejc.x;0
fzyajnghmehmvlfj.x;0
ewjfniknvuquvgzu.x;0
vcknpmmkixcifmkr.x;0
pdbxalzsdzfpquwx.x;0
qqqqydyvggqvquhb.x;1
rnrpeggdfqlyujfm.x;0
hnrulrrzruartsdd.x;0
wjidjmemrfhcsogz.x;0
ylcplfxscgjdhrre.x;0
uswkpsbhjidxmyik.x;0
edoujcygwkbknldx.x;0
hbpxcqpiqxcpcxbn.x;0
lktubumayitqlkbn.x;0
evyfzloskuaerupm.x;1
rsecnainhqwvcjkh.x;1
lbgdmyyingsjqsxg.x;0
mqtehsynwctxtawu.x;1
hxjxmjpgsizoxwto.x;0
vhuemjwjsfbdlknn.x;0
umxftrxzojpfupzx.x;0
nxjbezrgzdbgxeuo.x;1
ythzuoprkykpurob.x;0
wulpsrqtxyooabfd.x;0
jsbwrsdhdtnwzzii.x;0
frqiytmmdsglmzeg.x;0
vyihmhdonrlpfepb.x;0
yeawrdgstrrlzqyb.x;0
xfestidffjvexjsd.x;0
quusfmxhjvsxeubq.x;1
uapbsqlbhbryahcu.x;0
bgykbwkswwcykfsv.x;0
xncpkapzlvodtlwk.x;0
earrdlvextpznyrc.x;0
bnumdmljkugadtju.x;0
zbtqjoxplemxyqli.x;0
nnfvlklwkxxcmcil.x;0
pgxsiavwcqllxxmt.x;0
aszezcteareeaycb.x;0
azzfsbdbktvynfpb.x;1
jdbxorbwewhfnnfk.x;0
ufhgqyorjfyfpydl.x;0
ournvrrqwfdnqder.x;0
yyecngfrooffkdhc.x;0
cjyxycdxwxqsuyqm.x;1
chdlzlkxrekytbjc.x;0
yletwrqkzvuyzbkl.x;0
qxexzvjzibjcrgyd.x;0
bflnlnjkhvnceyxl.x;0
puonuehhvrectkrs.x;0
caxiixoioeblhfta.x;0
byyuqghmzaahqxlt.x;1
dxwafoxbhbtekkac.x;0
jffvdgvhsdsdzmga.x;0
vblorxodhkzcuiwj.x;0
omwuystbrbevncyo.x;0
givjdzzvogpyuqhd.x;0
mwgrljzqgnodylxn.x;0
ndkqhpwklfwgmqvp.x;0
dgswznvmkfkraadq.x;0
fwwvndkazarbarhq.x;0
mdsgdfkapyqnpjkr.x;0
crhrontbuiqzregp.x;0
rwkftverihtplfpq.x;0
qwmidlgjqgzvdtjl.x;0
chqsybwthckzhlmj.x;0
bcawpzkowteknoka.x;0
ogdhqybxhogrhyyk.x;0
gaukqkyemcaeetrs.x;0
thkbfmispmjzjhgx.x;0
ilcxeurwcmmambxh.x;0
tonhfmdpevtbcjhc.x;0
ldxcyaaopepthubc.x;0
rnubfmqgkhqwopqq.x;0
qjxvatnupnrehzua.x;0
rvhpzobzaiablute.x;0
grmgyqfeawngmbrp.x;1
vuqmprggmnzosomf.x;0
pvetaboiccidxhwo.x;0
cuqgszrtvhsauiph.x;0
pnrowyjmxqcgaocz.x;0
ivaijhunjgavqbpf.x;1
nmgztctgbcsumbaw.x;0
wcxmqvgcqukofgeh.x;1
uvkjsjplijwvwhfo.x;1
gztrcjmimjwjghnb.x;0
qxofknrkvzqjkzwe.x;0
ztmjigzgivhdanrn.x;0
ivletphguukyvinx.x;0
nevzqwybcdftbssh.x;0
ymxxzihxzigukybb.x;0
bsrfthlpuaxleffe.x;0
ydadxpwhlylvbjcf.x;0
adollkcluojstzyu.x;1
onefgrkgjuzcdgdo.x;0
fxhdixxdghtfwexo.x;0
kjavxyhzxnqevzys.x;0
azcauqyylsiyigzc.x;0
fwofqhrfhmfiuial.x;0
xiirwdxneujqlqfb.x;0
nfgrgxywnpddrhdl.x;1
igyhafpgsrjacftw.x;1
vfhooxkebpmyllym.x;0
hmmndozpyvxgtqxl.x;0
piugdljmwamugyxs.x;0
sjyifsjvlrmsagrv.x;0
yrorxzjogddtupfs.x;0
ajljnlrmdcdnbdmf.x;1
oiokwzwgzbcvyfok.x;0
kbbqccnjpttamtpj.x;0
rsrexlbbylsyebna.x;1
avtadtatdoeyojtv.x;1
ezrpeitctquiztih.x;1
mitvxrfpshcocgue.x;1
spcdncpjmhgvqkam.x;0
uesmdaghuutwdvyj.x;0
oxfswzahyzfqfjww.x;0
oiclnibeqjcldfbm.x;0
beicaugbkekobqdp.x;0
kdbkwzkspciuedsl.x;1
qvbsjxsaegtwvrli.x;0
xkbouriiatxejtvy.x;1
ozznjtfuvgsfzbga.x;0
fyltujbkaebttyqn.x;1
ebtyqreemftlzebm.x;0
pfuxatwfdqynduwi.x;0
beggndfihfsvbcvw.x;0
cvwdkubhzbdohfsg.x;0
vmkjpnllfgruprsj.x;0
lcqgxrfjzixllfuv.x;0
diltfmffdleqruqt.x;0
anzrjqlxjuovmwao.x;0
hdaemgugejpnpzmq.x;0
xqxpcrmsajcksrya.x;0
heclvlttpeuligvo.x;0
enkqsltxmawbcvba.x;1
rxmbbnzumjcgtwga.x;0
gjpapkczqfuiakno.x;0
lgwxetxwejohxzdj.x;0
xcaomxscfmaxlsac.x;1
eeukboizoejlrrxl.x;1
demwvbsdfqcglrnp.x;0
ghapbnvzdrvgnvki.x;0
dmmjvhysqovchfkn.x;0
ejgoxlrbcbagpjyg.x;0
grqkjirxpqvhyrhd.x;0
rvbxqnafdwsdhdtb.x;0
qcribcijhlfzrpvz.x;0
lmzfekbjydddzmqg.x;0
kwczwnuiushbdcnt.x;0
dxdkmxdwchjoisbl.x;0
mxjbzuzbfsyzpxdl.x;1
mqikmejdtyrnfuju.x;0
hecyoxknutyedhdf.x;0
ukxmgmusbhejnifp.x;0
ekfvpbpqgspbecrb.x;0
lfsmsvicbxlumlcq.x;1
gqgytzafgafklgkw.x;0
pbfjvwsycqcklpgw.x;0
hynnxyxagfptekrm.x;0
jalrjmggajkedhts.x;1
wttchkdeixojvudc.x;0
qfrdribnkkphzkkj.x;0
ngzlffyvxnofdsrr.x;0
nfzoycdcbxyedilj.x;0
zvlsrekpafozukgp.x;0
wtalwpechoccgkvh.x;0
lcfqjisoraahykqt.x;0
wmgrcqcusvgavfmi.x;0
sqbbtaifklzkydac.x;0
lurnwexltyljswwo.x;0
ahmepwraclaggddy.x;0
mifopqigvyalmrny.x;0
wgfbusyzwlrybcot.x;0
gjfhehmmudwpwdha.x;0
znqdwoaqlunrsreb.x;0
ryjratgzfhkuqrmy.x;0
idhonpctozxgquou.x;0
gpefebwacjwuwone.x;0
vgyksmtbvkmdybxq.x;0
mshqzyzdgrdeaemo.x;0
krnhybwnjumrubla.x;0
ikicftnsktxntvoa.x;0
ftscqpdoygjmyrfw.x;0
hzdvdotulpkxxhnb.x;0
yctfkvdzbcctfdvt.x;0
gadzafoompdonswc.x;0
isjzonndqkcxohps.x;0
qjcqvaiowhdyadsi.x;0
tczjmpmxxzelafrz.x;0
ddvfdeilicvbzewg.x;0
gppuspbebglxpixt.x;0
lciaqrqezzlnejbp.x;0
fzrpscwjqzibwaee.x;0
ycajmvtutbpsjfwl.x;0
uhkxssanfoxueush.x;0
jolhahzodexsqkpb.x;0
nwsxplebyqqbpytk.x;0
khpuygesszuljmdu.x;0
ieaafjunelcgpxxs.x;1
vqlepnidplryzxot.x;0
hmqzkukhqbsnnolf.x;0
fuhtphdmnfidjmqo.x;0
bvuandrzjkqyzkaj.x;0
lgxnxqdgchdbxuah.x;0
vdrnnerxitmetghy.x;0
bauwipzkmpsatvis.x;0
lssjdirfffutgscm.x;0
hbglugqywvsiuhal.x;0
dhqieuabwyrqgcoe.x;0
pyacrtkwgqesjkcy.x;0
fslukbwpnvvdiytv.x;1
mpfzpabazrqnfhrh.x;1
urqyslahlrqmywlg.x;1
zghyqewodokypufw.x;0
oobglxoigroaxcdf.x;0
voomiblvwnbxvgbk.x;0
omrcsaoipejysyij.x;0
vyniqjmpixahqrxo.x;0
dfdormwtnoaweggh.x;0
rwoiebbnanbkhdzs.x;0
gcrnukyczodivvee.x;0
udhzwkswwiqnbfkk.x;0
tavcuhowrvrdpjpp.x;0
nsrqehrivzlhsuqy.x;0
refqehhaocnqpuug.x;1
emkdkckpaiygfjid.x;0
jwhtqflgagzmpamp.x;0
ndtfdyybiauetjub.x;0
ormklhrtqtxukifm.x;0
sgspxsogebozuowy.x;0
eduddkvymndvqcqv.x;0
hawdomnbnwczalbo.x;0
rlnyfbmswuiyomdr.x;0
ncmrnwjgyrsanrvv.x;1
nnqtqmepyonnyypq.x;0
ewnbhofioseoefgi.x;0
dugmjhhcjuvzzwmq.x;0
jhcsgkwomiqqhhhf.x;0
ljqqoccppsepawic.x;0
zbebehmxlvwfsozr.x;0
easskeovjxebnjja.x;0
njzgzeejkbzbfnzm.x;0
azsdbwbgcbmnsivg.x;1
qodmynbxuffnajss.x;0
utpepbwbenbwffrk.x;0
rgaxcmbgytmfjfjt.x;0
hxsyvlyfldguwtbo.x;0
efohuktdeloctowf.x;0
rnmvqdpxmweattop.x;0
ydaukjivlzsdmyrm.x;0
cucxdlwcmnybwvqi.x;0
dkwneltpleecqnen.x;0
knlbvgxsbqexugen.x;0
otxlnlcavszleqpj.x;0
gocdgvuzrlaayqfr.x;0
aahsjbmlyiplbffj.x;0
owclgrnkmfrttbrr.x;0
pydribrlorhbevbt.x;0
nihmqfoxwmnbdttw.x;1
ssztuoqvbesukeno.x;0
spdhdwcmmposzwki.x;0
slturvhdulyyiokd.x;0
krhcwenykyhvlwiu.x;0
vnvcgrgxcliiqycy.x;0
ltltlqtoiqgyfvce.x;0
wvmhalfketgbybgg.x;0
ucxbrtqygtoenqhh.x;0
vbspyjltgwcjqbcb.x;0
zzbxokfydsmtwdte.x;0
kyeckwgxeyvtdnek.x;0
cmknquvmipuetgyv.x;0
zuscsafrgdfazchx.x;0
xbrhvtebsjwabywt.x;0
pqicgofeamsdfnvk.x;0
ixdyovxokwqoukgz.x;0
xraqtywpplkwspag.x;1
nrmsmpfzjlebeeso.x;0
seycwdaayrwbjtwn.x;0
driaarquxvqsgrge.x;0
vmcrkanlyizfxkqd.x;0
hanhjdezogkogvma.x;1
aiqpyebvsjptmjgp.x;1
nnziepnjmzrklxqe.x;0
glmcuwkhvgyrhpka.x;1
lujfzbgyexplbhxc.x;0
aazvcbingosaulef.x;0
ukbeypxrvykxvflm.x;0
hzvdoysgesbkleil.x;0
cwxvmkssthtddmeq.x;1
gpyqwcekgwidyfqs.x;1
jwvmpxllvcpnwjlj.x;0
xyttaiioxnnyawhs.x;0
pptrsycjyipxaczs.x;0
sctdnqltmwrwlqls.x;0
lualzokukafantxx.x;0
vfmlpnsltdoywvqo.x;1
mgvpxjgayjuatrmr.x;0
rkjnaswdnupnckzn.x;0
nopsodazrbdpjiqk.x;1
ftrxdrlrggjavkzj.x;0
memmgkosxjnxuetw.x;0
atakcfmtmhqcwfkj.x;0
ovjgundtxeltkyav.x;0
rlyojsyfdyhuthgb.x;0
jkopfuzxwrzrzcly.x;0
nbsbbzxiiiarhpsj.x;0
cjzzfmyuumpqlazz.x;0
geexwxyqbijjstim.x;0
seiderwmqugiqcga.x;0
bdqojbbvdtlucedw.x;0
mrsmcoqfejaskezl.x;0
hscomlcbvxvqafuz.x;0
ooytnyuibdrtjqtg.x;0
fomlteheslojfbcq.x;0
rdjhnntxxzsfdfyn.x;0
bgyjbjcrwpljvolh.x;0
wxwggdkdoaymgfcz.x;0
xnbaualczhvylsvy.x;0
iflkravppxlzsgtv.x;0
ukvltppgjeehlqhh.x;0
abnpxrhqqfxofydq.x;0
ifzqojirgylkqdtg.x;0
yvfnbogvxacrkygi.x;1
xkqdsveripjfuehy.x;0
ebqgasabycmjznws.x;0
bolilwkutktvqwzf.x;0
osiexagduhsbiklx.x;0
wiilscnvhqkdxjwj.x;0
wajtwozypdzheoxe.x;0
jmuoskaugbeylenr.x;0
wtxieocrrhmiavib.x;0
ctpdqnbbtuxdteqa.x;0
eacbjmwtdhbxfztc.x;0
ozowdfvnfteejzku.x;0
ocxjaofzrspurxih.x;0
nwmumdlgdyrqxaog.x;0
qvmvgyvbpfsudtfg.x;1
sqjrydwfmhtaypxp.x;0
exqennwdzvfizxhx.x;0
qiivakhgnwbpeotz.x;0
ismgjacfzbmyozss.x;0
szrwneylvvvmzsfy.x;1
pqizobguyrdwxciq.x;0
fhsdwkyjjmlbvmfl.x;0
rituvfsqpfertlkw.x;1
qvstcnlqbvwleqvr.x;0
xddrzovouuuyrrja.x;0
kreokpsvaexemtfz.x;1
izwjbqfewawbqrhn.x;1
brvlkkcokezkszod.x;0
pnxlgmwannnuzwbg.x;0
pviozmxdbdxmrjqz.x;0
whfytqmwqklinozu.x;0
tqwlapyelyedldtg.x;0
zdrtcuzyoficpnac.x;0
ohmoiusojlfprdhn.x;0
ejmxpqshqbjzfkwq.x;0
izpdejwmuujyhenh.x;0
zzjgrwvzqbdkqcvo.x;1
ollvfidobxegcyyv.x;0
rfsnbximlvkhhwom.x;0
ehpsorfmdzswatmx.x;1
mjriwpyfjnfhyoxk.x;0
hnkgzkhrxbvlpsdr.x;0
ilkzdydyioeejxin.x;0
hayqnrfovtwokhfn.x;0
jnvanabkzyaeqzdl.x;1
reqjlklcyaknlrfw.x;0
fqlckcpnokhrigpf.x;1
mimdhnoyilwzmhez.x;0
dlugnveuephjxcnl.x;1
jsxweudbathesmky.x;1
kzptcntkowxdvpyv.x;1
zexfblpkgfvbrmif.x;1
omqjbadczxfcujxb.x;0
fmrtmgzfffjrneif.x;0
gdxryuilnrtvaczl.x;0
fsnefkrdoqbpimeh.x;0
lumfzvamwmpxxuhm.x;0
oqhcugyjggmywomd.x;1
miqyuftckwlmznny.x;0
eozqxmeatyhjwshg.x;1
hpsknfopilghecdj.x;0
ctwytpiixjimgehw.x;0
iyrmfmylnebsvezy.x;0
gzdejxpwlqziqoxl.x;0
xmzgarwjzqjxtdkn.x;0
kuseqqcqphhopmor.x;0
pdibyzzcmqfncpgz.x;0
wzabyavbvvmxquzf.x;0
fpmkvvzbamfiqesj.x;0
unneuvujngivbele.x;0
brmhhmjjnswewico.x;0
knhtxwduczceyoqa.x;0
rtmucuipnlytwaen.x;0
ihlksbhhdipesmlo.x;0
jbeqjedhsllqlytb.x;0
xoyugiekmwwcbaqe.x;0
moqzwkgmtmeekzcg.x;0
lmkynhiloregtabq.x;1
llanfsysreotclqy.x;0
fummouuzcngnqzzy.x;0
bsimuomjkutrhnbt.x;0
uefqszpyhuktevgg.x;0
juwqkpomeyyojyzx.x;0
shrtzlpmbpmgylwt.x;1
yxzihepxigoiahvc.x;0
dgjidwrcaiumxjpm.x;0
srchmepjfizqcvqj.x;0
zkrrbckrrlhazxrp.x;0
nlkleawbaenwjgxa.x;0
xzgsljxdudlvbmbr.x;0
uawltmiosqqmilka.x;0
hszakesgkvbpmvqx.x;0
egjwrzegwdhqccww.x;0
kmdwbliafrvmguen.x;1
tlzwayiejrpszcfc.x;1
ihqbjbwqfinjdofg.x;1
ctfwptshwvjlvuxn.x;1
jeygmqdomoqgdxsz.x;1
zsrvsrydzjzwoawt.x;0
uaozoeaxstvtzulg.x;0
mrjpfkrnquijwcuv.x;0
iolahqbxdzwzwdti.x;1
fjlfkufarkdvpvgb.x;0
isvsxahheepgmosi.x;0
naziorlmdlksffwv.x;0
ttkfxcspxzkqvald.x;0
eyidrgfdjfnombng.x;0
whpubfpltoxynufy.x;0
cgjwyxzlsztpcrxl.x;0
mgmlrdkwywfyusqn.x;0
bmuaymqovkaxargy.x;0
qpnimhpjkifytcaf.x;1
jyczumjqvkonpyus.x;0
rbdgnchrvifvtlrg.x;0
eyfykiwnvtewaoea.x;0
dejubugsautiwqou.x;0
oribxylkvwpesgnx.x;0
bwzbepbtagvxewau.x;0
rsatmrdjlloinmdn.x;0
bsrugvoyryosqcud.x;0
nehebkezalscarew.x;0
zmpegabfhoswsjpm.x;0
ncxyuvdjhtvcbfbt.x;0
vbhikznwqxealtqx.x;0
uipkdlzfjoevbqoa.x;1
uxzsxzvupxwiihby.x;1
bjjlcxtfujtfqrjr.x;0
nuropopfqcsxexhx.x;0
mbyuwkhlmhofpghi.x;1
sgcemmlejprgeuvn.x;0
iquiebjnygyrgqce.x;0
cbzxcfjnxlfoduvl.x;0
vwjggkajlqztjxlt.x;0
nykwxpfoklocajfn.x;0
qsxwflaikjlmeczv.x;0
tlcydhvqbmngbecj.x;0
hjiwsomsmwxjfyvs.x;0
vhahleunuvgmzctc.x;0
tkjktxwiqdwsyjjf.x;1
knjnoyacivcthrrq.x;0
zefsfzudrbkgtqzz.x;0
iigspuigzsozuhnv.x;0
wicgntvrrbxmusnx.x;0
kgydlvyfopssivpi.x;0
npkiaiauptnhialm.x;0
ccfaxrgfcajjtnwg.x;0
eftmxlpqjrmdeugr.x;0
rbsfkkkekivrsxje.x;0
qugxtxvprpknxfsm.x;0
setfugclaowjzltf.x;0
gyaxijecdkopqvac.x;0
cyegwlvvantstrpp.x;0
tuwhrxwmemfvmtfi.x;0
hslfprulwjdkydrw.x;0
osghnmmuthvekflt.x;0
lbtirndnlqxnjfew.x;0
yvkliiymtvxhpvar.x;0
yxaogqgpnwwfizfs.x;0
hvszacbihzuujjtz.x;0
lsoqfdpcitwmupoq.x;0
ormvkxbbrmkbaqef.x;1
ytwbgivyiibgrvqe.x;0
fzdmzxvmurddmrvk.x;0
npjgyrswgqnsyjlt.x;0
qbpsaioutunxpprx.x;0
kzacgusxzbpjprdt.x;1
vbmtvcewusuzclmi.x;1
pjmtiremtrjjebpv.x;0
ywiaeugmkkkznoux.x;0
jsaqqqedtooafahe.x;0
qjndodontzopxwpk.x;0
cwwznafbaxlyshpb.x;0
stnosqcywmglmzie.x;0
qhcwurnyzwdlqvnr.x;0
vhzppotncylnrxbg.x;0
jnwyeyeivdxammua.x;0
atrxucwtactujxnw.x;0
aihxqbnakinwpvub.x;0
cfejctubqaxkfrpj.x;0
rsenhfvbujfwfpri.x;0
kxbocehdpshwzgxg.x;0
uexmazqaptlkmuyi.x;0
bsofzeenslkvrucz.x;1
cdmijooonnlymxcv.x;0
vrqolwkvwqsqeqlx.x;0
tlxcjgetlrzzodhg.x;1
frkdoeyixwpdiape.x;0
lcbevnvegfhafxpa.x;0
qcolqudgytkrwnrr.x;0
rjanltoljmwjoewx.x;0
fbslztswxflkdayh.x;0
vvlzkiedwcngiyqt.x;0
eokpjevyoiulrsxg.x;0
mrushqnqotjvfujl.x;0
ugplspxasfdwlrvy.x;0
okxyzxhgvvmtiahx.x;0
iwknqmhndceyomod.x;0
rphhrtacotxoawmw.x;0
pdzqcrdadxrqkvmn.x;0
ntoywmlaximyixzv.x;0
ktjaqaaakqdivkdy.x;0
rtchavfmzmryzqcc.x;0
jcrisodatpewndxq.x;0
nzqdlfjwmdyavtxb.x;0
aijqruscvcmvzyal.x;0
krqwrhjfuypaethu.x;1
unxhtlhonbtzjpdx.x;0
ivxwholcepwvrwzl.x;0
oocddazczknjymem.x;1
iczntudmytyzlhfd.x;0
pkoagsmzwnatemfg.x;0
jrjjvzrjbusbdhrt.x;0
ulsiiyfcwtxtwfof.x;0
hdiryrfdfsfiglec.x;0
wddsajfugquuwjpz.x;0
bxwfrxljvumwodab.x;0
lznxekprnnoldiuj.x;1
xivcrpioywaurupv.x;0
nmpyhcmxlahprgkq.x;0
fusiillsoxnvdzqm.x;0
mscizojocqhwdlsz.x;0
vyltrkgfubwlrbhp.x;0
rrtkwizlkdeazzvh.x;0
rprxpgvyuxcgzxsg.x;0
azuvbsdeawpannya.x;0
hkmuknzsspebehhe.x;0
gcafjoporedrxaqy.x;0
miadmlcorzkbqrqe.x;0
vvemforfjpqdadbr.x;1
xvnuypyfpioxpdzw.x;0
xfwvilwnktsvkhfm.x;0
liytwgftapdwxwnj.x;0
ndlswpbgwgrdjlce.x;0
ovhrnzqcfyswayep.x;0
lghanzanoysijtsq.x;0
ctidvgfwvnxadyjn.x;1
kxajdseoaeczuoio.x;0
limdwfvqbdplrmnu.x;0
tkhnmueuzdujxfky.x;0
klktqkbmkrbawfnf.x;0
czxpyoyriosutgjq.x;0
tfkntcqishxrltwq.x;0
ilksxkghixlyusog.x;0
aymswryfvckbazhq.x;0
nmqsltwajvsmmqld.x;0
yqukuqrcrsjsqsoz.x;0
cdwfgaixwarfbqiu.x;0
sdtxilmnavxpdtck.x;0
yxrgtapmxynnnojz.x;0
skakbhainqrociog.x;0
ugxjynzsmciqbkxl.x;1
iyffaawwrhvnhzyl.x;0
uchfuzkxxrsurhhj.x;1
wqetzajiwddrnkdz.x;0
bhpqbathjojkdfxq.x;0
qcxfspikhmlddyib.x;0
tilqwwxkqweueixa.x;0
jbqlgqxakfkgkaqc.x;0
fjgjuxhbqyjaqzqv.x;1
wogpssvkpljseoms.x;0
rvssbpazzzwwgcxy.x;0
omfylbbcdvsuhscx.x;0
wrqkosgxfutpsdzz.x;0
ccqfbqsyfadocuya.x;0
subrhjztbosnqlbj.x;0
dsaboczutxrhzwat.x;0
jgtkisfvjmxxhesf.x;0
phquvossajfeelzz.x;0
wshdgsdzmjynpkkb.x;0
hukqeslftxfvqldz.x;0
sbnlosrefnagrhbk.x;0
mlcrujqxpdnrgacm.x;0
rrurlhwlfvcpypxx.x;0
coqiswuutmmqucns.x;0
nuwgeguzzvukbily.x;0
pwshhvtpjowcrksq.x;0
usjrkmvoplswiyyt.x;0
pawtvpsstitubkjv.x;0
mofdkvdcyfxvylcm.x;0
fkmnydmhvobxnxmf.x;0
rlkmzrhoaskgdsmi.x;1
dtwzdwrbbhzjyhqn.x;1
ptppyqjjhcbzasiy.x;0
lavqkbquphjhileb.x;1
suqeskbcdevlfqml.x;0
lhhynvquxhtnxfgs.x;0
jgfgscsehcnuqxcj.x;0
kxkbhugaqurbzwfk.x;0
szdqypympxmbsksg.x;0
zsmlvvpdfxtxggkv.x;0
kcqxquhgpaglvndx.x;0
hmkgfqrgaarkojjh.x;0
dekoanayswovsobn.x;0
vaffojgqlxxjsbwt.x;0
aykjabvwlvheubws.x;0
zisuzgjdfqnroixl.x;0
oycjwnioaigklskv.x;0
zblctzoarkwxskfc.x;0
wubgqaftsjiqokpl.x;0
ruzadjkirmqayvms.x;0
azfuhiqotktbzqca.x;0
efzyufogjnizzkll.x;0
vwwpirpkbhogowtk.x;0
tqcrfesponjmooet.x;0
mqzffsalcmevdshf.x;1
cpgjxmqhmukljbxh.x;1
ipbobxhbinmizjyy.x;0
zrthomauqbycfqcd.x;0
nsmavqxrrimxufog.x;0
pjtcukxchmuhacqj.x;0
dxfwjoqtrnkbnlte.x;0
whfeyxzxjeetypuz.x;0
cstrquytcpxezfry.x;1
heorwfvblueuxgqd.x;0
rvciscsfgfhmkpvf.x;0
sbtjaizcuyxzmsub.x;0
zqjakxowrthohmke.x;0
uhyqslqttlqhpdru.x;0
hrtnhfyifbrzpcto.x;0
tjuurcmzlgbacevg.x;0
lirmasecigpjmist.x;0
ybnjhblvdsvxowsq.x;0
bogfzdzzthywchvp.x;0
vlxxabxrpwrjaume.x;0
gtbywjihwzqxjlht.x;0
ymtslapwiolbynrq.x;0
fgidsqjwtkyvngrn.x;1
gcoaijgrzwewdahf.x;0
eenqfsjwmcnhtasw.x;0
gfmjqkkzjlzisfwz.x;0
hpjyansbslqxwmii.x;0
zucugjbjttykfaxi.x;0
sqectsoiprubskwt.x;0
basxuufybocypuat.x;0
xhzxmoplggtcvsrw.x;1
rkqiygvhhnxkcqjw.x;0
tcjpnkxogwbjxpye.x;0
hemjendsfwrcfbjb.x;0
jhkavzfnqbmahzse.x;0
ufjoxqislyvsqaav.x;1
rxozpermghdvnfuj.x;1
tuqkaosdqpjlvlii.x;0
fffzsxziqfqdlfmp.x;0
pxbqmcoowgvaxhcs.x;0
uubdmytcmqnrlhwp.x;0
typskmfebvtwpfbn.x;0
yosjoudvogpbxnsc.x;0
gqwjlzvbljjlxsbt.x;0
wcitgogsiuvgaqob.x;0
yykveyifseyvhstc.x;1
yyhucsysbwtdtzoi.x;0
rcgayuwrmggsuymf.x;0
qpphdeoospfggoki.x;0
ctkweutfhmkahgwo.x;0
jtwllroxbqcgeygm.x;0
qfgkzoaghyxdlzfv.x;0
hhipifezdqrlpnvv.x;0
hzezhjgnzehmuqio.x;0
pmltatvypcajrblw.x;1
yqaqcecxebsewmwz.x;0
ztxyyiuhkswiewfl.x;0
