1.pcap;archive.org
10.pcap;sony.co.jp
100.pcap;bitsnoop.com
101.pcap;www.crazyshit.com
102.pcap;www.cannabis.com
103.pcap;nicovideo.jp
104.pcap;appspot.com
105.pcap;mp3lemon.org
106.pcap;nicovideo.jp
107.pcap;excite.co.jp
108.pcap;sony.co.jp
109.pcap;www.cannabis.com
11.pcap;t.co
110.pcap;sony.co.jp
111.pcap;scribd.com
112.pcap;www.xvideos.com
113.pcap;mp3lemon.org
114.pcap;pbworks.com
115.pcap;torrentfreak.com
116.pcap;t.co
117.pcap;www.torrentsdownload.org
118.pcap;www.cannabis.com
119.pcap;newalbumreleases.net
12.pcap;www.monova.org
120.pcap;archive.org
121.pcap;excite.co.jp
122.pcap;archive.org
123.pcap;www.archive.org
124.pcap;www.torrentsdownload.org
125.pcap;torrentfreak.com
126.pcap;www.bahai.com
127.pcap;www.falundafa.org
128.pcap;blueskyswimwear.com
129.pcap;www.bahai.com
13.pcap;pbworks.com
130.pcap;www.filecrop.com
131.pcap;www.filecrop.com
132.pcap;www.cannabis.com
133.pcap;torrentfreak.com
134.pcap;thetibetpost.com
135.pcap;www.amnesty.org
136.pcap;docs.google.com
137.pcap;www.openvpn.net
138.pcap;blueskyswimwear.com
139.pcap;docs.google.com
14.pcap;excite.co.jp
140.pcap;blueskyswimwear.com
141.pcap;www.archive.org
142.pcap;newalbumreleases.net
143.pcap;www.cannabis.com
144.pcap;pbworks.com
145.pcap;www.xvideos.com
146.pcap;pbworks.com
147.pcap;www.watchfreemovies.ch
148.pcap;nicovideo.jp
149.pcap;bitsnoop.com
15.pcap;www.falundafa.org
150.pcap;sony.co.jp
151.pcap;www.sbs.com.au
152.pcap;appspot.com
153.pcap;www.xvideos.com
154.pcap;www.monova.org
155.pcap;bitsnoop.com
156.pcap;t.co
157.pcap;www.filecrop.com
158.pcap;www.bahai.com
159.pcap;t.co
16.pcap;www.torrentsdownload.org
160.pcap;nicovideo.jp
161.pcap;www.amnesty.org
162.pcap;scribd.com
163.pcap;www.amnesty.org
164.pcap;en.wikipedia.org
165.pcap;www.sbs.com.au
166.pcap;www.monova.org
167.pcap;archive.org
168.pcap;appspot.com
169.pcap;mp3lemon.org
17.pcap;excite.co.jp
170.pcap;www.bahai.com
171.pcap;docs.google.com
172.pcap;thetibetpost.com
173.pcap;mp3lemon.org
174.pcap;www.monova.org
175.pcap;t.co
176.pcap;www.falundafa.org
177.pcap;torrentfreak.com
178.pcap;newalbumreleases.net
179.pcap;mp3lemon.org
18.pcap;archive.org
180.pcap;www.cannabis.com
181.pcap;blueskyswimwear.com
182.pcap;appspot.com
183.pcap;docs.google.com
184.pcap;www.falundafa.org
185.pcap;mp3lemon.org
186.pcap;appspot.com
187.pcap;pbworks.com
188.pcap;www.filecrop.com
189.pcap;www.falundafa.org
19.pcap;www.filecrop.com
190.pcap;t.co
191.pcap;www.sbs.com.au
192.pcap;www.openvpn.net
193.pcap;excite.co.jp
194.pcap;bitsnoop.com
195.pcap;www.monova.org
196.pcap;en.wikipedia.org
197.pcap;bitsnoop.com
198.pcap;www.cannabis.com
199.pcap;nicovideo.jp
2.pcap;mp3lemon.org
20.pcap;excite.co.jp
200.pcap;www.amnesty.org
201.pcap;mp3lemon.org
202.pcap;www.xvideos.com
203.pcap;www.openvpn.net
204.pcap;en.wikipedia.org
205.pcap;www.sbs.com.au
206.pcap;www.filecrop.com
207.pcap;www.crazyshit.com
208.pcap;www.amnesty.org
209.pcap;www.torrentsdownload.org
21.pcap;www.bahai.com
210.pcap;thetibetpost.com
211.pcap;appspot.com
212.pcap;www.watchfreemovies.ch
213.pcap;thetibetpost.com
214.pcap;www.bahai.com
215.pcap;thetibetpost.com
216.pcap;www.xvideos.com
217.pcap;scribd.com
218.pcap;bitsnoop.com
219.pcap;www.amnesty.org
22.pcap;en.wikipedia.org
220.pcap;www.amnesty.org
221.pcap;sony.co.jp
222.pcap;thetibetpost.com
223.pcap;www.filecrop.com
224.pcap;www.watchfreemovies.ch
225.pcap;nicovideo.jp
226.pcap;www.xvideos.com
227.pcap;www.cannabis.com
228.pcap;bitsnoop.com
229.pcap;mp3lemon.org
23.pcap;www.cannabis.com
230.pcap;torrentfreak.com
231.pcap;www.openvpn.net
232.pcap;mp3lemon.org
233.pcap;scribd.com
234.pcap;scribd.com
235.pcap;archive.org
236.pcap;www.torrentsdownload.org
237.pcap;www.torrentsdownload.org
238.pcap;newalbumreleases.net
239.pcap;sony.co.jp
24.pcap;appspot.com
240.pcap;www.monova.org
241.pcap;www.xvideos.com
242.pcap;archive.org
243.pcap;www.watchfreemovies.ch
244.pcap;mp3lemon.org
245.pcap;www.sbs.com.au
246.pcap;en.wikipedia.org
247.pcap;torrentfreak.com
248.pcap;pbworks.com
249.pcap;newalbumreleases.net
25.pcap;www.amnesty.org
250.pcap;nicovideo.jp
251.pcap;www.watchfreemovies.ch
252.pcap;newalbumreleases.net
253.pcap;nicovideo.jp
254.pcap;thetibetpost.com
255.pcap;www.torrentsdownload.org
256.pcap;appspot.com
257.pcap;www.sbs.com.au
258.pcap;www.watchfreemovies.ch
259.pcap;www.archive.org
26.pcap;scribd.com
260.pcap;www.openvpn.net
261.pcap;en.wikipedia.org
262.pcap;t.co
263.pcap;www.openvpn.net
264.pcap;docs.google.com
265.pcap;drive.google.com
266.pcap;blueskyswimwear.com
267.pcap;www.crazyshit.com
268.pcap;www.watchfreemovies.ch
269.pcap;nicovideo.jp
27.pcap;torrentfreak.com
270.pcap;en.wikipedia.org
271.pcap;www.amnesty.org
272.pcap;www.cannabis.com
273.pcap;bitsnoop.com
274.pcap;docs.google.com
275.pcap;blueskyswimwear.com
276.pcap;appspot.com
277.pcap;nicovideo.jp
278.pcap;thetibetpost.com
279.pcap;www.monova.org
28.pcap;mp3lemon.org
280.pcap;www.openvpn.net
281.pcap;www.falundafa.org
282.pcap;en.wikipedia.org
283.pcap;docs.google.com
284.pcap;www.watchfreemovies.ch
285.pcap;www.bahai.com
286.pcap;www.archive.org
287.pcap;docs.google.com
288.pcap;www.amnesty.org
289.pcap;bitsnoop.com
29.pcap;www.crazyshit.com
290.pcap;www.archive.org
291.pcap;www.archive.org
292.pcap;archive.org
293.pcap;scribd.com
294.pcap;torrentfreak.com
295.pcap;pbworks.com
296.pcap;thetibetpost.com
297.pcap;nicovideo.jp
298.pcap;sony.co.jp
299.pcap;www.archive.org
3.pcap;appspot.com
30.pcap;www.monova.org
300.pcap;appspot.com
31.pcap;en.wikipedia.org
32.pcap;www.watchfreemovies.ch
33.pcap;excite.co.jp
34.pcap;t.co
35.pcap;t.co
36.pcap;www.monova.org
37.pcap;www.crazyshit.com
38.pcap;thetibetpost.com
39.pcap;archive.org
4.pcap;thetibetpost.com
40.pcap;excite.co.jp
41.pcap;newalbumreleases.net
42.pcap;www.sbs.com.au
43.pcap;appspot.com
44.pcap;sony.co.jp
45.pcap;scribd.com
46.pcap;appspot.com
47.pcap;appspot.com
48.pcap;docs.google.com
49.pcap;www.bahai.com
5.pcap;www.filecrop.com
50.pcap;archive.org
51.pcap;scribd.com
52.pcap;www.xvideos.com
53.pcap;www.bahai.com
54.pcap;bitsnoop.com
55.pcap;www.watchfreemovies.ch
56.pcap;archive.org
57.pcap;scribd.com
58.pcap;www.torrentsdownload.org
59.pcap;nicovideo.jp
6.pcap;blueskyswimwear.com
60.pcap;blueskyswimwear.com
61.pcap;www.bahai.com
62.pcap;appspot.com
63.pcap;www.monova.org
64.pcap;www.torrentsdownload.org
65.pcap;t.co
66.pcap;en.wikipedia.org
67.pcap;blueskyswimwear.com
68.pcap;excite.co.jp
69.pcap;docs.google.com
7.pcap;en.wikipedia.org
70.pcap;www.amnesty.org
71.pcap;www.falundafa.org
72.pcap;www.filecrop.com
73.pcap;archive.org
74.pcap;www.sbs.com.au
75.pcap;newalbumreleases.net
76.pcap;www.openvpn.net
77.pcap;drive.google.com
78.pcap;newalbumreleases.net
79.pcap;pbworks.com
8.pcap;www.torrentsdownload.org
80.pcap;blueskyswimwear.com
81.pcap;appspot.com
82.pcap;pbworks.com
83.pcap;www.falundafa.org
84.pcap;excite.co.jp
85.pcap;blueskyswimwear.com
86.pcap;www.watchfreemovies.ch
87.pcap;www.archive.org
88.pcap;archive.org
89.pcap;drive.google.com
9.pcap;torrentfreak.com
90.pcap;www.monova.org
91.pcap;www.filecrop.com
92.pcap;docs.google.com
93.pcap;www.sbs.com.au
94.pcap;newalbumreleases.net
95.pcap;torrentfreak.com
96.pcap;www.sbs.com.au
97.pcap;www.falundafa.org
98.pcap;www.xvideos.com
99.pcap;docs.google.com
