data/rtf-2017-09/duughkdzcxbtdxpv.x;0
data/rtf-2017-09/uakoxtfjbfivslyh.x;1
data/rtf-2017-09/rdebfuiebamhjvsc.x;0
data/rtf-2017-09/qnojrrkswmxwxuno.x;1
data/rtf-2017-09/plgbnarpkruzvutb.x;0
data/rtf-2017-09/nzkbzgjbewwtirpj.x;0
data/rtf-2017-09/ddaoqpkzvfzlehda.x;0
data/rtf-2017-09/eywjopsfqdhclkgz.x;1
data/rtf-2017-09/reyavydbtqeokscw.x;0
data/rtf-2017-09/rwmkjguoiwgvlfgq.x;0
data/rtf-2017-09/wjwobnuqbebjvvsy.x;0
data/rtf-2017-09/heqglaicpbrgflko.x;0
data/rtf-2017-09/uehyweemkiqykgnd.x;1
data/rtf-2017-09/gfffkgdjgqsmoatp.x;0
data/rtf-2017-09/cmjxmijmointjgza.x;1
data/rtf-2017-09/wjpmxodleqmvemtc.x;1
data/rtf-2017-09/hskejgnqrarxtngi.x;0
data/rtf-2017-09/sgpztxzmraekvoqf.x;1
data/rtf-2017-09/akgastgtprdgzfnu.x;1
data/rtf-2017-09/pshhflfxadiqibup.x;1
data/rtf-2017-09/teljrwakokjptzaz.x;1
data/rtf-2017-09/wwbpxhwwcqdifept.x;0
data/rtf-2017-09/stjbashpkwwdptcm.x;1
data/rtf-2017-09/dxxngjuhzycvlirl.x;0
data/rtf-2017-09/cexwxwatxcpnsoxm.x;0
data/rtf-2017-09/jqqtsbalrrdroozr.x;1
data/rtf-2017-09/tsdphstbiqmwhsca.x;0
data/rtf-2017-09/quhscoohkxrifjob.x;0
data/rtf-2017-09/dxhsmhezmwrbizci.x;1
data/rtf-2017-09/kjwzizoyftroraew.x;0
data/rtf-2017-09/rjpbzbiydumdgpud.x;0
data/rtf-2017-09/rxhblhlytpakaybh.x;1
data/rtf-2017-09/zluscywixanibeky.x;1
data/rtf-2017-09/upcppkkplidhvvpe.x;1
data/rtf-2017-09/qsorqoigvysfqpwn.x;1
data/rtf-2017-09/coitewvkgwurnuwq.x;0
data/rtf-2017-09/mvgezztqzfuxbkxe.x;1
data/rtf-2017-09/tcefdmewneghcpcv.x;0
data/rtf-2017-09/nylmikzdcwwqhlmf.x;1
data/rtf-2017-09/fvknhzlzbslorhkx.x;1
data/rtf-2017-09/nlgehyqmslxcjexd.x;1
data/rtf-2017-09/qvrohudpqnxoidtw.x;0
data/rtf-2017-09/ubtgxysdqakytcnx.x;0
data/rtf-2017-09/flzjociflhztskvt.x;1
data/rtf-2017-09/jehyadgzyxdeeleg.x;1
data/rtf-2017-09/wepyqvskihckprbm.x;0
data/rtf-2017-09/cquauarastbxznfm.x;1
data/rtf-2017-09/drhiuqwlrimohvju.x;0
data/rtf-2017-09/chqiprbhwfacqnsy.x;0
data/rtf-2017-09/fevahdjkwameeqxd.x;0
data/rtf-2017-09/nfpgcgdhxtiztiwf.x;0
data/rtf-2017-09/nltewhqjbqvpykvn.x;1
data/rtf-2017-09/ggiayavmaszkvrpo.x;0
data/rtf-2017-09/xxnsnyjqgtusiocb.x;1
data/rtf-2017-09/vrtfpxegtobatxpv.x;0
data/rtf-2017-09/yfdxoklphgmkbmmf.x;1
data/rtf-2017-09/jzuwgcutbkdyzarg.x;1
data/rtf-2017-09/lxuznrrsjbnhmfad.x;1
data/rtf-2017-09/cjpxsqpufmiutsre.x;0
data/rtf-2017-09/zcdxwwaurwcgjbny.x;0
data/rtf-2017-09/tjpobltxffamjyqi.x;1
data/rtf-2017-09/uwdwdeejfyvfpeek.x;1
data/rtf-2017-09/oumnvhrvnbccllcj.x;0
data/rtf-2017-09/gvbrieqzmgsfvibj.x;1
data/rtf-2017-09/zhnyfiisrhhrvnyh.x;0
data/rtf-2017-09/iuwyjjwtbvtncwfw.x;0
data/rtf-2017-09/lentwaacsdqglqro.x;0
data/rtf-2017-09/fguniewvjqsqevcx.x;0
data/rtf-2017-09/sogsecqeydfscydx.x;1
data/rtf-2017-09/ehpocqnhlwjfujsf.x;1
data/rtf-2017-09/bvyfkppfnsopfztn.x;0
data/rtf-2017-09/qzrmbpozfnbsdzwn.x;1
data/rtf-2017-09/smanaaapvqyzcotz.x;1
data/rtf-2017-09/vzauyzfmjxwwkgdi.x;0
data/rtf-2017-09/nzabgyhhbhbqrfwx.x;0
data/rtf-2017-09/zeqrannbkpdnxbts.x;1
data/rtf-2017-09/qwchcflbhqyhdwjr.x;1
data/rtf-2017-09/jtuhytpsxvsrlein.x;1
data/rtf-2017-09/eqowljtcujzyqhsc.x;0
data/rtf-2017-09/ucfmilyamfldddtg.x;1
data/rtf-2017-09/nstmzxkkebqhmikl.x;1
data/rtf-2017-09/ckildgwddvijjthg.x;0
data/rtf-2017-09/qlypbyaxhytabnwz.x;0
data/rtf-2017-09/uumkhpkwpfmjztbr.x;1
data/rtf-2017-09/vkakvlcbflymcpqo.x;1
data/rtf-2017-09/ekhnvfpdbmxmisho.x;0
data/rtf-2017-09/kfbfgcdcdsnefffx.x;1
data/rtf-2017-09/spskrubvchpsqeiw.x;1
data/rtf-2017-09/filvliucrivsjtog.x;0
data/rtf-2017-09/nzckkhuqliqxkpzl.x;0
data/rtf-2017-09/ijdasgcfoegbwtxe.x;1
data/rtf-2017-09/ogjxyicfkgoriyfw.x;1
data/rtf-2017-09/jxdhybdeuvnbqhuv.x;0
data/rtf-2017-09/kmqfdiyoltffrqxs.x;0
data/rtf-2017-09/anktgzsfxfmolvvq.x;1
data/rtf-2017-09/ozbnlhsqqazfcnda.x;1
data/rtf-2017-09/ezgnzwpeatgneyaf.x;0
data/rtf-2017-09/gyauidvrbusntiof.x;1
data/rtf-2017-09/ahxigsqxpyogzunk.x;0
data/rtf-2017-09/zrzfdyqvyquulizz.x;0
data/rtf-2017-09/gktgwrplmglkkgqy.x;0
data/rtf-2017-09/pfhftuegrvqcbrnf.x;1
data/rtf-2017-09/nnwhhtjycftkifwd.x;0
data/rtf-2017-09/usraytrtqzhgplcm.x;1
data/rtf-2017-09/gdjzpnfqdhvokqdu.x;0
data/rtf-2017-09/huqpzhptopsdndhu.x;0
data/rtf-2017-09/ohmyzsuesktqhvoc.x;0
data/rtf-2017-09/hlmmqcjyujaivswd.x;1
data/rtf-2017-09/fekzzwuwoqoevapt.x;0
data/rtf-2017-09/yzhkunrmpbcyhaue.x;1
data/rtf-2017-09/drygsjjrohknbxjm.x;0
data/rtf-2017-09/bjlchqyxzhsudstm.x;0
data/rtf-2017-09/gvnfonehmmcldduv.x;0
data/rtf-2017-09/acbxmtkggygwtphz.x;1
data/rtf-2017-09/dhcedhhvcghppbrr.x;1
data/rtf-2017-09/ptanoahcnwhtvpkw.x;0
data/rtf-2017-09/yistlxwclwvrwldn.x;0
data/rtf-2017-09/gepwiakeljncoggu.x;0
data/rtf-2017-09/kjsjgdoyzeuirycs.x;0
data/rtf-2017-09/anbjlclncbluczsk.x;1
data/rtf-2017-09/yjneegnwubpzclay.x;0
data/rtf-2017-09/gbdshpclesmxelwg.x;1
data/rtf-2017-09/earjtcrtlvfijrxm.x;0
data/rtf-2017-09/jkgoggsuymeyieok.x;1
data/rtf-2017-09/cjxeigitvifbozoj.x;1
data/rtf-2017-09/mliqpzpozrxbhbut.x;1
data/rtf-2017-09/wnjncqyipkhopand.x;1
data/rtf-2017-09/tmyvaxtmrqxlugil.x;1
data/rtf-2017-09/hfipsultmbhwpcgy.x;1
data/rtf-2017-09/sbfdskjcmyhltitz.x;0
data/rtf-2017-09/mipfvaatmchzxpqh.x;0
data/rtf-2017-09/fssjthtwwaoxhdgy.x;0
data/rtf-2017-09/qnmbxcisxeeuarvw.x;1
data/rtf-2017-09/uceqqdaliscbevef.x;1
data/rtf-2017-09/cgilykayawtrpumf.x;1
data/rtf-2017-09/zsbhcqyqgpfrgvos.x;1
data/rtf-2017-09/conrdjssijeehlas.x;1
data/rtf-2017-09/gopzzyqyllkxjyfh.x;1
data/rtf-2017-09/xzcmtccbhrpqxtiw.x;0
data/rtf-2017-09/gbdnwlhljpgricos.x;0
data/rtf-2017-09/wypnfdnqjneffovd.x;1
data/rtf-2017-09/wuxqowftdthapkma.x;1
data/rtf-2017-09/tjjaamjhdneeqwnd.x;1
data/rtf-2017-09/vdyswxppowbkgsxf.x;1
data/rtf-2017-09/johwasjonrzvtvpj.x;1
data/rtf-2017-09/kouyscvmtjmyypuk.x;0
data/rtf-2017-09/bjtoqatbqqpfoxmj.x;0
data/rtf-2017-09/ohlieuwoyqatyfoo.x;0
data/rtf-2017-09/iufivlzmpuivbjhq.x;0
data/rtf-2017-09/bjwwpwynaewfdimw.x;1
data/rtf-2017-09/wqbukestjbmummja.x;1
data/rtf-2017-09/oicyrcadqvuxxsmb.x;0
data/rtf-2017-09/avbhpxjemudwzotr.x;1
data/rtf-2017-09/qkjaomarorsobdll.x;0
data/rtf-2017-09/xehcxmumscvnllse.x;1
data/rtf-2017-09/jnenwxwztafpbtej.x;0
data/rtf-2017-09/czgmofokwpzrqypr.x;1
data/rtf-2017-09/tuarmdlvoqzprams.x;0
data/rtf-2017-09/awxcxgoeflgzjjve.x;0
data/rtf-2017-09/csbhijxqavumwvnl.x;0
data/rtf-2017-09/lcakjonrvcclplzb.x;0
data/rtf-2017-09/hpqkrdlbnqqqglkw.x;1
data/rtf-2017-09/hulbmbnvlxnhcsbr.x;0
data/rtf-2017-09/ghrvqmhsprshpdho.x;0
data/rtf-2017-09/qjtmwpltmwlkvzyb.x;1
data/rtf-2017-09/hhueeljhbgrbruur.x;1
data/rtf-2017-09/rtnulkbjpoydbkdq.x;0
data/rtf-2017-09/ygtyshwxpahdaxon.x;1
data/rtf-2017-09/kmnoyuwcsbwctlva.x;1
data/rtf-2017-09/zokgqczixocstjme.x;0
data/rtf-2017-09/zpbutedmqsyeyoko.x;0
data/rtf-2017-09/gmctckctpnlicpid.x;1
data/rtf-2017-09/vkvfqveputifcyvz.x;1
data/rtf-2017-09/fmzlcuflqmtcmivb.x;1
data/rtf-2017-09/oolmfllrrnqhpuez.x;1
data/rtf-2017-09/mklyspmqbaknccjm.x;1
data/rtf-2017-09/wepypkipktrsgxdq.x;1
data/rtf-2017-09/jxjdxvgtosdyexgu.x;1
data/rtf-2017-09/wtehzkmklxshqtwb.x;1
data/rtf-2017-09/jvpbihwvqghkbmpp.x;0
data/rtf-2017-09/pbuzolikifmjqjoe.x;0
data/rtf-2017-09/yygnlpdrgyfvuwks.x;0
data/rtf-2017-09/nkabwtojhmsoawgk.x;0
data/rtf-2017-09/vakxvyvwfkzpnjgz.x;0
data/rtf-2017-09/vxlesdyqchoigizg.x;0
data/rtf-2017-09/kylvrtrinjbaddoj.x;1
data/rtf-2017-09/wqmcxdbgeoueyvbf.x;1
data/rtf-2017-09/xsydxjwbisubexmr.x;0
data/rtf-2017-09/zuxclpoheovtxtkx.x;0
data/rtf-2017-09/ziczbqseymecwalf.x;0
data/rtf-2017-09/ctrrkpthezoiprfm.x;0
data/rtf-2017-09/vrljocmsmjrrokut.x;0
data/rtf-2017-09/swqcjwdvogyhjqsq.x;1
data/rtf-2017-09/zsnvyrhzkzsjnyiy.x;1
data/rtf-2017-09/xsekpnaqwamtlenk.x;0
data/rtf-2017-09/mszzmqzajbcxicjc.x;0
data/rtf-2017-09/mwiljsxduiuqkxyj.x;1
data/rtf-2017-09/sldvsdfrnyintrei.x;0
data/rtf-2017-09/pepajnjkreiruuvk.x;1
data/rtf-2017-09/hnetdczyejxxdczt.x;0
data/rtf-2017-09/vefixvgoaqivgtve.x;1
data/rtf-2017-09/dshakhhaoovcdfbo.x;1
data/rtf-2017-09/bnwovsrbtbamhjsv.x;0
data/rtf-2017-09/tharamrrfqepkdbr.x;1
data/rtf-2017-09/kxpfonfjgiapgnal.x;0
data/rtf-2017-09/wguacbaftkmwstmz.x;0
data/rtf-2017-09/cjdmfnbgkblujrgm.x;0
data/rtf-2017-09/fwxndkewblvspmjw.x;0
data/rtf-2017-09/lumssvefbowmgiez.x;0
data/rtf-2017-09/jaqnjrsbrqksdkhv.x;0
data/rtf-2017-09/gzpkttzkwuuwromp.x;0
data/rtf-2017-09/kxuiqglrzyuokizc.x;0
data/rtf-2017-09/fmgnysgyjnjudxlx.x;0
data/rtf-2017-09/zzpknssoviujjbup.x;0
data/rtf-2017-09/hydghpasljafuswa.x;1
data/rtf-2017-09/dhrktwqhepfybznq.x;0
data/rtf-2017-09/gmigoyvpppppalzo.x;1
data/rtf-2017-09/uipmgscrktcyejju.x;0
data/rtf-2017-09/iqvrootwpyblhtdi.x;1
data/rtf-2017-09/kqgcnliujxtnzagy.x;1
data/rtf-2017-09/zuuzhplulybnzdxr.x;0
data/rtf-2017-09/igtcwhjgutpttqnw.x;0
data/rtf-2017-09/ifdrdwztebuziird.x;0
data/rtf-2017-09/eecoasiriwfxzaxf.x;0
data/rtf-2017-09/aphtlmundksorhzr.x;1
data/rtf-2017-09/wcchickyvefexsja.x;0
data/rtf-2017-09/cgofdrcnrhyuagcd.x;0
data/rtf-2017-09/nlpihcrlyrvtseth.x;1
data/rtf-2017-09/ktmgfkduokzfuqlu.x;0
data/rtf-2017-09/ghvsoqktxejiafxu.x;1
data/rtf-2017-09/boxnmzqcvmkuqfvn.x;1
data/rtf-2017-09/vqklhmieyqfrcppt.x;1
data/rtf-2017-09/lbevkmwbiqxjdyac.x;1
data/rtf-2017-09/bzofytukagsiunem.x;0
data/rtf-2017-09/nyruuwbfysxirxip.x;0
data/rtf-2017-09/zjjzokkavyiqyjii.x;0
data/rtf-2017-09/qwtfmtebnuxbueoi.x;0
data/rtf-2017-09/bzcrqjbupawqcqop.x;0
data/rtf-2017-09/zqdmeexqrlwgvuuy.x;1
data/rtf-2017-09/olisiusnmidshtdw.x;0
data/rtf-2017-09/iemnzrcrzjkozkuj.x;0
data/rtf-2017-09/wlklfhfvlxvrhfox.x;0
data/rtf-2017-09/uythkdevasofbgtb.x;0
data/rtf-2017-09/nucirnjwzxpegmnk.x;1
data/rtf-2017-09/czfmwqiufhaqzzzw.x;0
data/rtf-2017-09/rquvmhdhvmrzhysz.x;1
data/rtf-2017-09/ynhnunlfjylftbmq.x;1
data/rtf-2017-09/kugackrwxumkmpnk.x;1
data/rtf-2017-09/aowfokfldwuoxiak.x;0
data/rtf-2017-09/awnzhsgkisbbfzlq.x;0
data/rtf-2017-09/kevzdmtalbprlxer.x;1
data/rtf-2017-09/mtpulduqtuktkwmd.x;1
data/rtf-2017-09/hxjoibxazyhqwogr.x;1
data/rtf-2017-09/efnsnxobhupclymv.x;0
data/rtf-2017-09/sagtberefzupurhx.x;0
data/rtf-2017-09/qffmxecofbzqursj.x;0
data/rtf-2017-09/poxxzvsnhpwmotmw.x;0
data/rtf-2017-09/ylhhrydbujvtooty.x;1
data/rtf-2017-09/ffkpcbizrgrzliun.x;1
data/rtf-2017-09/tbtxyaatjmzcjfeu.x;1
data/rtf-2017-09/denrojprvnxlmrio.x;0
data/rtf-2017-09/plpcuwfpaxedjsnw.x;1
data/rtf-2017-09/kypyrlthgxcpomoq.x;1
data/rtf-2017-09/aagfqvqyjmcrkpsp.x;1
data/rtf-2017-09/rqqrsjghlgwvbjiu.x;0
data/rtf-2017-09/uhxrspkhtosrehxz.x;0
data/rtf-2017-09/dadbskefjftvctsm.x;0
data/rtf-2017-09/wjaposslbjnfzulm.x;0
data/rtf-2017-09/dctdcorjjmcxwcoz.x;1
data/rtf-2017-09/jyfbncretgnaswcv.x;1
data/rtf-2017-09/wsfddjgeppontlhc.x;0
data/rtf-2017-09/yhfqufzqhwqsahki.x;0
data/rtf-2017-09/vhxzeijcaejqrohn.x;0
data/rtf-2017-09/camdnlvcjdzvagkv.x;1
data/rtf-2017-09/btksxwohvasjupes.x;1
data/rtf-2017-09/hjglbtnmzrutubnt.x;1
data/rtf-2017-09/yjuieltugxhnhesg.x;0
data/rtf-2017-09/thjgkicdlnzoqxmd.x;0
data/rtf-2017-09/lqczuzpxdfkfqzuj.x;0
data/rtf-2017-09/nhewiwgjxayvugva.x;0
data/rtf-2017-09/hecdvycnjilegmxs.x;1
data/rtf-2017-09/emxzjtslxmlnxqhc.x;1
data/rtf-2017-09/wuhpngwzkwaxxjrt.x;1
data/rtf-2017-09/regvjerjovepacyc.x;0
data/rtf-2017-09/hvggfcnwrntrgjuv.x;1
data/rtf-2017-09/bndpwozywlhujcle.x;1
data/rtf-2017-09/ryicbepijkbqqvbc.x;0
data/rtf-2017-09/hfntiargurlioxno.x;1
data/rtf-2017-09/pokbgqghbxzfujcr.x;1
data/rtf-2017-09/rrrgkhitmldblqki.x;0
data/rtf-2017-09/qsqjoognoqgomwqp.x;0
data/rtf-2017-09/hbrefokeypnaplfc.x;1
data/rtf-2017-09/cgdyszmmknnxjpzh.x;0
data/rtf-2017-09/qsmveikswlzukazi.x;1
data/rtf-2017-09/dsqelqhvqenfszpc.x;1
data/rtf-2017-09/chnbcoxqdajtywhf.x;1
data/rtf-2017-09/bzlkgkeqybnpvimq.x;1
data/rtf-2017-09/ezgwsvrvsqzelnmp.x;1
data/rtf-2017-09/uepaasqtajudrejj.x;1
data/rtf-2017-09/txjvofjdzyiikheo.x;0
data/rtf-2017-09/dgbxqvhstkikzyit.x;0
data/rtf-2017-09/lkbpbvnvukrpkepu.x;1
data/rtf-2017-09/frbaiizacxgvakax.x;0
data/rtf-2017-09/pkykledaomlzqxkr.x;0
data/rtf-2017-09/wpblvlfymsywftxe.x;0
data/rtf-2017-09/rrpbthlhdtdurfwc.x;0
data/rtf-2017-09/jyhietlsoqqqjenk.x;1
data/rtf-2017-09/uejnsqojhnmppjvs.x;0
data/rtf-2017-09/lxwfikscufifhkvu.x;0
data/rtf-2017-09/sthiefveaqcmdziu.x;0
data/rtf-2017-09/fwmwmbmxnchyyzav.x;0
data/rtf-2017-09/tvdwwqdtdnynvzke.x;0
data/rtf-2017-09/fpdxgxujduzhclmq.x;0
data/rtf-2017-09/qzvcvkfjexgmzrpo.x;0
data/rtf-2017-09/kyheznjcilyxterj.x;1
data/rtf-2017-09/dfdlrrvwlcqgeisr.x;0
data/rtf-2017-09/xuhvkqwbgyposnmc.x;0
data/rtf-2017-09/plsjiolriobuziva.x;0
data/rtf-2017-09/ubwfgxpeaadkyzzf.x;0
data/rtf-2017-09/vjqzabgqxdsfzlay.x;1
data/rtf-2017-09/pyktwahbdizobjjd.x;0
data/rtf-2017-09/zhqtpwmqjhqqtdqw.x;0
data/rtf-2017-09/jyvoikwnzkacgliq.x;1
data/rtf-2017-09/jwyfywkhivjtgavy.x;1
data/rtf-2017-09/asfgdlbddtrysyrq.x;0
data/rtf-2017-09/qihyycdjmyefucqt.x;1
data/rtf-2017-09/iktvjevpjvcbwtnm.x;0
data/rtf-2017-09/jzsqajsbrxrjnbso.x;1
data/rtf-2017-09/bidfnjdhiolvqocy.x;1
data/rtf-2017-09/ffqlocdlwalgrnsx.x;1
data/rtf-2017-09/ytujvxmarbufukqz.x;0
data/rtf-2017-09/bubkhkbphwcmwqvc.x;1
data/rtf-2017-09/ihgncrdgeidafaak.x;1
data/rtf-2017-09/guypmcirmgdquuyg.x;0
data/rtf-2017-09/rrordeiszsozxgbo.x;0
data/rtf-2017-09/gekoefrgrdpojmkx.x;0
data/rtf-2017-09/dzdvylpjdupllbno.x;0
data/rtf-2017-09/hdyccvrpzhxosebo.x;1
data/rtf-2017-09/gbrwaejmozxsifqw.x;0
data/rtf-2017-09/eaimjnvebydmoqvd.x;0
data/rtf-2017-09/ascezebitfrcrado.x;0
data/rtf-2017-09/yfuleqbgaeojbozg.x;1
data/rtf-2017-09/gtmmxobpsumqsddo.x;1
data/rtf-2017-09/upumyokizcgwonaf.x;0
data/rtf-2017-09/oesynkfaupdfrqlp.x;0
data/rtf-2017-09/omvcsdvowtbqjbbb.x;1
data/rtf-2017-09/ykcfyglkvcprgwtc.x;0
data/rtf-2017-09/pfhztxocbhnkqrgm.x;1
data/rtf-2017-09/sntptbrinxryzgzj.x;1
data/rtf-2017-09/bjzejegdlgmgxwdl.x;0
data/rtf-2017-09/ifmwomyhlustbful.x;1
data/rtf-2017-09/ritoxegbtldlykxl.x;0
data/rtf-2017-09/kjbgtcgltdgeocdj.x;0
data/rtf-2017-09/zlkwmqrmzcvyyxbu.x;0
data/rtf-2017-09/tgyrtezddfuzkgkq.x;1
data/rtf-2017-09/kbjpfhmqqdckjnun.x;0
data/rtf-2017-09/oslarbuyerrnquzg.x;1
data/rtf-2017-09/xyjnzvcrreoukycd.x;0
data/rtf-2017-09/opoivolsxrazbejf.x;1
data/rtf-2017-09/htjcjactuxoxcuqy.x;0
data/rtf-2017-09/vhzjgzsfgvllalfr.x;1
data/rtf-2017-09/vdzivfcriouoehqb.x;1
data/rtf-2017-09/oujvmdqtyodyztiw.x;1
data/rtf-2017-09/wgamsaeghjxtulen.x;0
data/rtf-2017-09/xgdlnjxwgeepnodl.x;0
data/rtf-2017-09/ucfoqwmxpxybjzvn.x;1
data/rtf-2017-09/cunklbbguobivtcf.x;0
data/rtf-2017-09/wjhgernasuuehhbn.x;1
data/rtf-2017-09/vdugadpyhmknijsy.x;0
data/rtf-2017-09/tfwvendstqkydvay.x;0
data/rtf-2017-09/rkdwylhfxhdccehf.x;1
data/rtf-2017-09/oaomdsyyjxpgxnpr.x;1
data/rtf-2017-09/peyupfxldddzzmye.x;0
data/rtf-2017-09/kzdkohyxtlcrwtfh.x;0
data/rtf-2017-09/lzhpxcqzvllknkvg.x;1
data/rtf-2017-09/buynpapacmbvyrza.x;1
data/rtf-2017-09/kwoxjoiniisazkit.x;1
data/rtf-2017-09/ingakdzjrnzxjbzb.x;0
data/rtf-2017-09/nvlcuowflyuqjjif.x;0
data/rtf-2017-09/lyqwsfajpiytwnpz.x;1
data/rtf-2017-09/kiserzlxatslzrve.x;0
data/rtf-2017-09/olivwmabnkgfzacc.x;1
data/rtf-2017-09/bjrbttoufhsxvsan.x;0
data/rtf-2017-09/unbapfddfgxfsopj.x;1
data/rtf-2017-09/bgsuslybbilevxti.x;0
data/rtf-2017-09/tdejbpksumrdkrwq.x;1
data/rtf-2017-09/unchjgjtrdubhpvy.x;0
data/rtf-2017-09/ozdbbolnmqqhvxep.x;1
data/rtf-2017-09/bcdbccbqfsgmwypg.x;1
data/rtf-2017-09/xpcsbascqnrujnpx.x;1
data/rtf-2017-09/bsmwpwonnjckirxf.x;1
data/rtf-2017-09/kopbetlksgznkwwk.x;0
data/rtf-2017-09/dhurfbhqkprjtlfs.x;0
data/rtf-2017-09/bfsnbvqoydpinvuy.x;0
data/rtf-2017-09/ftokycojoodksyvg.x;1
data/rtf-2017-09/chpilahbtbiovrbt.x;1
data/rtf-2017-09/chikysmhztjptwyf.x;0
data/rtf-2017-09/qwscpsmgeilykqvw.x;0
data/rtf-2017-09/bbodcwuugtmkeipe.x;1
data/rtf-2017-09/nhskzvwmservtwor.x;1
data/rtf-2017-09/zbohzeuvkhhhcdhj.x;1
data/rtf-2017-09/onmvrissqkxqjhgq.x;1
data/rtf-2017-09/stamaixjmbsaivqf.x;0
data/rtf-2017-09/pffyfqyashaxcrns.x;0
data/rtf-2017-09/qubjamclcrslskfs.x;1
data/rtf-2017-09/hppewazptbwhppyl.x;1
data/rtf-2017-09/xcctgdmycbonvwfw.x;0
data/rtf-2017-09/mklhnrpfyifddaph.x;0
data/rtf-2017-09/ppygrqbrlbkcqzbz.x;1
data/rtf-2017-09/asoodyjzasfthqua.x;1
data/rtf-2017-09/vblmatwifrmgrhrt.x;1
data/rtf-2017-09/djlmfndhifaywuzt.x;0
data/rtf-2017-09/nzszcqvxyrqyzdkp.x;1
data/rtf-2017-09/hqexdftawmilhaoj.x;0
data/rtf-2017-09/megbahachdqdcjjy.x;0
data/rtf-2017-09/bikuawjakposycua.x;1
data/rtf-2017-09/tgfcwfjzlbchqfid.x;0
data/rtf-2017-09/wzxskfvusdkbqumb.x;0
data/rtf-2017-09/xvywikstubpeklcx.x;0
data/rtf-2017-09/qcjvzptsxaaqexir.x;1
data/rtf-2017-09/vmwepzsnnlgomqko.x;1
data/rtf-2017-09/aldpybvzbjucvyto.x;1
data/rtf-2017-09/txlbszaqbpqfdkzb.x;1
data/rtf-2017-09/jqateqtqenadwwya.x;0
data/rtf-2017-09/eyojlxidigrbpljn.x;1
data/rtf-2017-09/sbyyyixfxgspkmfa.x;1
data/rtf-2017-09/xmzwkgtkrirkyulo.x;0
data/rtf-2017-09/qhtfonrcuaogaref.x;1
data/rtf-2017-09/fozqvzjtjsvoouxb.x;1
data/rtf-2017-09/qwwumglsdhgpekxq.x;0
data/rtf-2017-09/gdcekxjyspaddydv.x;1
data/rtf-2017-09/gmjwqvmefweitpad.x;1
data/rtf-2017-09/hcglwvuxvzskwqge.x;0
data/rtf-2017-09/zixvlmddsqvodabw.x;0
data/rtf-2017-09/zuprddlkurqbbqzh.x;0
data/rtf-2017-09/dhmyuwelumkjmnaf.x;1
data/rtf-2017-09/gtxdrvlfwvpdsvso.x;0
data/rtf-2017-09/utphwusvvsfrzohw.x;1
data/rtf-2017-09/bzgfljkywdjujngs.x;0
data/rtf-2017-09/pdcvakeoymasjnib.x;0
data/rtf-2017-09/swsshgjfxveppyhz.x;1
data/rtf-2017-09/wguxxmzkqlxttntp.x;1
data/rtf-2017-09/wtvvyonszmuxscnv.x;1
data/rtf-2017-09/pgopgmvsqhpjofos.x;1
data/rtf-2017-09/mgtqakufejinzvzy.x;1
data/rtf-2017-09/ehdhrsxohhdzwowx.x;1
data/rtf-2017-09/zwfzsatwmoeifvxx.x;0
data/rtf-2017-09/wjnifufppibiarwh.x;0
data/rtf-2017-09/ofitfzursotpikpg.x;1
data/rtf-2017-09/zvuuuvzcnudrhqmd.x;1
data/rtf-2017-09/gyrsxrvupckwzoqm.x;1
data/rtf-2017-09/yejznxxbkiknalxp.x;1
data/rtf-2017-09/zjrftooesarjwwta.x;0
data/rtf-2017-09/oxotesitcumvgoqc.x;1
data/rtf-2017-09/nwpvuzrmlvpgqjxz.x;0
data/rtf-2017-09/qrqxntndhxljfeju.x;0
data/rtf-2017-09/hqlvjacamkoxuxka.x;1
data/rtf-2017-09/pealnusjtbvddkhv.x;1
data/rtf-2017-09/tgvikmxmnpuemtbw.x;1
data/rtf-2017-09/arbqwndfpvjjsrck.x;1
data/rtf-2017-09/dvefivmdkohlxwab.x;1
data/rtf-2017-09/bkjbpdzvhyrvkzqr.x;0
data/rtf-2017-09/jouufgpdmznsdqdf.x;1
data/rtf-2017-09/yenvbwytrppdixiw.x;0
data/rtf-2017-09/syuttgzgicvdqjkh.x;1
data/rtf-2017-09/ijkexxqapkrhfvgd.x;0
data/rtf-2017-09/zkfdogdinlfgxrac.x;1
data/rtf-2017-09/qrffczulildfcoal.x;0
data/rtf-2017-09/kboqcitsgmrjdngo.x;0
data/rtf-2017-09/stlvqpkjgxeljdly.x;1
data/rtf-2017-09/qqtzkrvkpmyuiznp.x;0
data/rtf-2017-09/jsiyhptjizchdrkn.x;0
data/rtf-2017-09/jtmuasipxvfxozhk.x;1
data/rtf-2017-09/fbuwiidlszadhoag.x;0
data/rtf-2017-09/zrnrkricavvxsxyn.x;0
data/rtf-2017-09/ounkufjebeoxxrnh.x;0
data/rtf-2017-09/ykvarqevymzzjxss.x;0
data/rtf-2017-09/pppuxbdnbckvdlwx.x;0
data/rtf-2017-09/lryrcbhxfjcdrmmm.x;0
data/rtf-2017-09/wawyqtzyyzvfktbf.x;0
data/rtf-2017-09/oytgbwrwbavynqqh.x;0
data/rtf-2017-09/ympurqdwgsvrmpyn.x;1
data/rtf-2017-09/qqaigqqdjwuumsey.x;0
data/rtf-2017-09/mgqoxjumaoksaemh.x;0
data/rtf-2017-09/cduumdozgyfopewv.x;1
data/rtf-2017-09/izmpghlzwuxveryj.x;1
data/rtf-2017-09/lxskvfqktzvmairw.x;0
data/rtf-2017-09/xdwgrcqfxegiqbkt.x;1
data/rtf-2017-09/nxllvebcondhtrzj.x;0
data/rtf-2017-09/vbycchbfxnxlaqnq.x;1
data/rtf-2017-09/lrhabrqnlemkcavq.x;1
data/rtf-2017-09/yztjaqdjlsmqijru.x;1
data/rtf-2017-09/ebblpxanapcqugfv.x;0
data/rtf-2017-09/iemqnjljzvhoinpm.x;1
data/rtf-2017-09/ykhnhcptlhqmvkhw.x;1
data/rtf-2017-09/devmttugjttrbgwm.x;0
data/rtf-2017-09/whvnttotcqrwwkvv.x;0
data/rtf-2017-09/kbnfrtjsmvhctqob.x;0
data/rtf-2017-09/nenlkpmxgteiekxm.x;1
data/rtf-2017-09/vgjrdgzeuhlgridq.x;0
data/rtf-2017-09/kfajcfurthyhcuvu.x;1
data/rtf-2017-09/mtodxnuufpwhyvig.x;0
data/rtf-2017-09/doyxchrbwenmbodh.x;1
data/rtf-2017-09/psxyrbrfzuxtrzqd.x;0
data/rtf-2017-09/xunznhhphgdupndq.x;1
data/rtf-2017-09/rwqeraytcajtpmkd.x;0
data/rtf-2017-09/satuebywehqyerzn.x;0
data/rtf-2017-09/epnzqkkfwetussqj.x;0
data/rtf-2017-09/qwplrtpwhidbkmst.x;1
data/rtf-2017-09/ttjcucyxybealghe.x;1
data/rtf-2017-09/olleigtpmqufhniq.x;1
data/rtf-2017-09/txiokxdejhzvlwkf.x;1
data/rtf-2017-09/bstfhxjkbbkqctqk.x;0
data/rtf-2017-09/yhiwiqherctikayk.x;1
data/rtf-2017-09/wonnhvpkbbdgutym.x;1
data/rtf-2017-09/tjaqbxuevfqcemhz.x;0
data/rtf-2017-09/squdnvixxdiseoux.x;0
data/rtf-2017-09/ozzlzkyolnggrasx.x;0
data/rtf-2017-09/kjukiihdsdryanmh.x;1
data/rtf-2017-09/dxqetigyczhcljfy.x;1
data/rtf-2017-09/aflfpfvqekcrkbkd.x;0
data/rtf-2017-09/srqszwlornxocvpg.x;0
data/rtf-2017-09/caezqhpweiuhyckl.x;1
data/rtf-2017-09/nxgqshhiolxqasal.x;1
data/rtf-2017-09/qheyqhrpkbnyhkbe.x;1
data/rtf-2017-09/fzdptjawujnumnrv.x;0
data/rtf-2017-09/yakqxsaqyluycgfk.x;1
data/rtf-2017-09/kwayfsdhvnuhvbrk.x;1
data/rtf-2017-09/rkjfzpnfkiypgdes.x;0
data/rtf-2017-09/ciimcmaltbfzznlw.x;0
data/rtf-2017-09/dgbcamnypsvkitse.x;1
data/rtf-2017-09/saevfjeafzowmwxo.x;0
data/rtf-2017-09/kurmqidnwvnyjbbd.x;0
data/rtf-2017-09/kqqmmrxpkfiiwgjd.x;0
data/rtf-2017-09/jmrccmalqocyvpnt.x;0
data/rtf-2017-09/rskxiuzkxiyhjlwl.x;1
data/rtf-2017-09/bnuiifcgdwjlfztk.x;0
data/rtf-2017-09/vwsvomvmzcflbwbn.x;1
data/rtf-2017-09/qzvjceepizxxdicy.x;0
data/rtf-2017-09/tarsbdbbcmoftlsb.x;1
data/rtf-2017-09/tvrwhbbejqkhgcsp.x;0
data/rtf-2017-09/bxayaprgvfmwqbga.x;0
data/rtf-2017-09/zbygwpdqitlgrgkb.x;1
data/rtf-2017-09/irwqjmswjkfmfmsi.x;0
data/rtf-2017-09/gmzdhtmmcppavcjy.x;0
data/rtf-2017-09/wsesipljmytcfqyc.x;1
data/rtf-2017-09/meeaefgqkkbugiwz.x;0
data/rtf-2017-09/fhffkvogfrnzasny.x;0
data/rtf-2017-09/uxtqhbrmzovmxohf.x;0
data/rtf-2017-09/uovphbgoungidyen.x;0
data/rtf-2017-09/rlmhzzuwkolpuahr.x;0
data/rtf-2017-09/wyvawwmnodvdmwmv.x;0
data/rtf-2017-09/kjzdgjoubyevgdwo.x;0
data/rtf-2017-09/ygpklhcwcsilvdvq.x;1
data/rtf-2017-09/bnwyzqjcvpcbgzlf.x;0
data/rtf-2017-09/fxxebevumckuaydq.x;1
data/rtf-2017-09/awbcqixnvngcdqxp.x;1
data/rtf-2017-09/hsayuqquzcllbzjc.x;1
data/rtf-2017-09/aesgdmssavdnzebm.x;0
data/rtf-2017-09/safcipkwpntnfmmj.x;1
data/rtf-2017-09/qgwfzhddibvzwnop.x;1
data/rtf-2017-09/sexqifunwuezspdn.x;1
data/rtf-2017-09/crefqxtxkstfdhnq.x;0
data/rtf-2017-09/sgpdjdrtgjsswjny.x;1
data/rtf-2017-09/wyrmhadeyyepnkfd.x;1
data/rtf-2017-09/keizrxowqvdtbtln.x;1
data/rtf-2017-09/ednbqlewlcrxavff.x;1
data/rtf-2017-09/rilfqkomlqpmjtfd.x;1
data/rtf-2017-09/fcrsnfbitwgoogtf.x;1
data/rtf-2017-09/eclavvoesnwyipso.x;1
data/rtf-2017-09/yraaobwvpitomwam.x;0
data/rtf-2017-09/vpaaqsgubpibmkjg.x;1
data/rtf-2017-09/eortpyjyszdxxtas.x;0
data/rtf-2017-09/thjvgekoqlqyenww.x;0
data/rtf-2017-09/maiotnjdzjlwcadl.x;1
data/rtf-2017-09/oqgswwdumzqxehgq.x;0
data/rtf-2017-09/gsdmgdzhcuzlkrgr.x;1
data/rtf-2017-09/izvpgnxaqiigyptb.x;0
data/rtf-2017-09/atpzzeafnbzixfzw.x;1
data/rtf-2017-09/epyjydkrwrzseaol.x;0
data/rtf-2017-09/rxzuqffpvwsmxbth.x;0
data/rtf-2017-09/boeigeouhxzerwam.x;0
data/rtf-2017-09/pzltvksmnsfsyfnt.x;0
data/rtf-2017-09/oeptsujrwhkrsvmd.x;1
data/rtf-2017-09/sjagqnqrhklqyjue.x;0
data/rtf-2017-09/rtdmjqrjhozcwdnt.x;1
data/rtf-2017-09/nedinxunqtpelomd.x;1
data/rtf-2017-09/xsuhgfgthdnzrqmx.x;0
data/rtf-2017-09/frplbefmjtdzaljv.x;0
data/rtf-2017-09/xnjrlydlzyrsvinp.x;1
data/rtf-2017-09/bvfppjqcxywydlyy.x;0
data/rtf-2017-09/tkapjscjpeeeppwv.x;0
data/rtf-2017-09/xqodubydtnpjpjtn.x;1
data/rtf-2017-09/nncrpltnsvvmsily.x;0
data/rtf-2017-09/ehlpheluumimazzp.x;1
data/rtf-2017-09/wwiilzsfcllcjeqn.x;0
data/rtf-2017-09/ghpmcgnlpqsjudim.x;0
data/rtf-2017-09/jzomrphjfatxdrvc.x;1
data/rtf-2017-09/iyujsbarxytnxbyn.x;1
data/rtf-2017-09/nkerfknfsrdzcdin.x;1
data/rtf-2017-09/jkxbsydpljnvqlur.x;0
data/rtf-2017-09/svufaekaohjgwepy.x;1
data/rtf-2017-09/lgcrgefyppyptahh.x;0
data/rtf-2017-09/jtjjflmberrpvmpe.x;1
data/rtf-2017-09/bogkilkusjcvgjrv.x;1
data/rtf-2017-09/mdyhtacklttxbwhy.x;1
data/rtf-2017-09/woxjkkkubeburwqu.x;0
data/rtf-2017-09/nogwmdfpbhbxkvxc.x;0
data/rtf-2017-09/wtunzllfotgerapg.x;1
data/rtf-2017-09/zyxwciwflwixkcjr.x;0
data/rtf-2017-09/ytxhzklzazbxwjmv.x;0
data/rtf-2017-09/kgmkegirsuqjuuul.x;0
data/rtf-2017-09/zldwkxftefgtpsuv.x;0
data/rtf-2017-09/cresukfsggnajevd.x;0
data/rtf-2017-09/ppjnkfqzlbgabmlu.x;1
data/rtf-2017-09/pepjqgfzksmbosob.x;0
data/rtf-2017-09/fsbqkomaajftylxc.x;0
data/rtf-2017-09/qinxjnzryrirjimg.x;0
data/rtf-2017-09/fuvdzrjvpwvcvizo.x;0
data/rtf-2017-09/hhdpazdutupkufuz.x;0
data/rtf-2017-09/ralhcklmouopcqbh.x;0
data/rtf-2017-09/swfpvugbzgzexacl.x;1
data/rtf-2017-09/aewwtqozkexgaknq.x;1
data/rtf-2017-09/dzocvaghkvimaspm.x;0
data/rtf-2017-09/hwenslmgbcfgcoym.x;0
data/rtf-2017-09/fsvejuczsjzzopkn.x;1
data/rtf-2017-09/zdqsamntxxapcbng.x;0
data/rtf-2017-09/ankixwldnkigizpq.x;1
data/rtf-2017-09/tdcokaixtoygifdv.x;1
data/rtf-2017-09/snthjgivyllyrfde.x;0
data/rtf-2017-09/lqoukjclaesomtgx.x;1
data/rtf-2017-09/zvgfnbrlutbuunfv.x;1
data/rtf-2017-09/pfylfrwatmdylfav.x;1
data/rtf-2017-09/qfqblyxiznmgvsjf.x;0
data/rtf-2017-09/ikqsppospdkanhsd.x;1
data/rtf-2017-09/coycysksvdjwmnlg.x;1
data/rtf-2017-09/dfhefrbylbokxycj.x;1
data/rtf-2017-09/whxgdqwjmztfaixl.x;1
data/rtf-2017-09/czfnohkltgpaklzw.x;1
data/rtf-2017-09/gohmqehfptovnzck.x;1
data/rtf-2017-09/rrrozxcxhdwdrwtk.x;0
data/rtf-2017-09/xduxgdwsaepulqtm.x;1
data/rtf-2017-09/yutmlgqapjubqhje.x;0
data/rtf-2017-09/zmhwfmyefahinsrw.x;0
data/rtf-2017-09/tiaxnonvgutripqp.x;0
data/rtf-2017-09/hgfctruncrvibfyx.x;0
data/rtf-2017-09/pfqapotsdtlulfce.x;0
data/rtf-2017-09/mhyfkzvyudujwikx.x;1
data/rtf-2017-09/mgcyaspkcekomywb.x;0
data/rtf-2017-09/xxacedibvrngczmj.x;0
data/rtf-2017-09/saraknqcdoispgjq.x;1
data/rtf-2017-09/ajggxuufrpwzrvlv.x;1
data/rtf-2017-09/lhwofnkflywykvjc.x;1
data/rtf-2017-09/meuctyhuhhjptuza.x;0
data/rtf-2017-09/dxdikdpwbxlvtcab.x;1
data/rtf-2017-09/kjtbqkmbesfjmwea.x;1
data/rtf-2017-09/hkicatkbmrocpuwc.x;1
data/rtf-2017-09/oxmjztnwmlfdabsb.x;0
data/rtf-2017-09/fajzhybplcwahoqa.x;1
data/rtf-2017-09/ulfevgmrpwamvcyb.x;0
data/rtf-2017-09/ephhpnzrguwjftqy.x;1
data/rtf-2017-09/vbwrhxzgxzwvkjpi.x;0
data/rtf-2017-09/zpcoxaqxvqknsmba.x;0
data/rtf-2017-09/myfhsadfsjcvqenw.x;1
data/rtf-2017-09/acpcxeybhpgqmlqb.x;0
data/rtf-2017-09/usssnxlzvadawsef.x;0
data/rtf-2017-09/qdfpgjzalhjujfas.x;0
data/rtf-2017-09/dnsewxktonqojlmu.x;1
data/rtf-2017-09/rihypmqtusqkiibw.x;1
data/rtf-2017-09/tpizajxxlnjicduu.x;0
data/rtf-2017-09/twmikteldvruihdx.x;1
data/rtf-2017-09/eggyrrvhnylnhqtj.x;1
data/rtf-2017-09/ltmkvzqlmcpusgdp.x;1
data/rtf-2017-09/pabznzhfxkzabweg.x;0
data/rtf-2017-09/oftqxwluedvbyjwy.x;0
data/rtf-2017-09/oaunfrdimbzldslz.x;0
data/rtf-2017-09/pnemandtvamjsviu.x;0
data/rtf-2017-09/ldtbxolqjqgqqmwe.x;1
data/rtf-2017-09/khnqaohktrykwggc.x;1
data/rtf-2017-09/dmoeibgjgbmiuexo.x;1
data/rtf-2017-09/vdbhhznfylrgulis.x;1
data/rtf-2017-09/vumiujqtblyaclws.x;1
data/rtf-2017-09/vtuocighzfzlskmr.x;1
data/rtf-2017-09/fmppeqaqbnieihfz.x;0
data/rtf-2017-09/uzmqcvqupgofasef.x;1
data/rtf-2017-09/nrjaeityqjsquzlf.x;1
data/rtf-2017-09/opfbodjnbiylhvft.x;0
data/rtf-2017-09/ypweyurhpwrzgpfm.x;1
data/rtf-2017-09/xlelkirdhmrcamjj.x;0
data/rtf-2017-09/afmmqrfxjtqzzmhd.x;0
data/rtf-2017-09/bqqxmmqkiyjyllrl.x;0
data/rtf-2017-09/nfkcqvnvliuijmvs.x;0
data/rtf-2017-09/yqgiexgtdyedapcx.x;1
data/rtf-2017-09/mztkadhvduwrcpaj.x;0
data/rtf-2017-09/cdocamwhnzdvaynz.x;0
data/rtf-2017-09/rrfwrhvqdqfbblpm.x;1
data/rtf-2017-09/chcdhuzrkmslgjwn.x;1
data/rtf-2017-09/phdzhtosmifrtzqv.x;0
data/rtf-2017-09/cfthpvvxehxdrogm.x;1
data/rtf-2017-09/xoyjilcekgyfejih.x;0
data/rtf-2017-09/lxrybuhwwkzrujnb.x;0
data/rtf-2017-09/ywwuywzkaxybnwnf.x;0
data/rtf-2017-09/lrtoyyypdayzugrp.x;0
data/rtf-2017-09/wedjlxyujckqdzwj.x;1
data/rtf-2017-09/dcksvbsybboldjmm.x;0
data/rtf-2017-09/gbucjencjvomtgwn.x;0
data/rtf-2017-09/cuxrxdcmpzkerrqy.x;0
data/rtf-2017-09/wdblwilshuqcktnl.x;1
data/rtf-2017-09/kvtouilbwpelqvol.x;0
data/rtf-2017-09/ffaoqflgqfznokmm.x;1
data/rtf-2017-09/eiymaehxvzqswgjx.x;0
data/rtf-2017-09/yjpoigkadzpssbup.x;0
data/rtf-2017-09/qveykaxoskhvddhp.x;1
data/rtf-2017-09/zpyslfhciehvaipf.x;0
data/rtf-2017-09/hjdchdgnjcdnrpfm.x;1
data/rtf-2017-09/hjyjexnnnlbcphnh.x;1
data/rtf-2017-09/kieifqwghvxcozti.x;1
data/rtf-2017-09/eyreupgrcyymgvtt.x;1
data/rtf-2017-09/rorhmabwnjxxoheq.x;0
data/rtf-2017-09/fvkcjsazleumlrwy.x;0
data/rtf-2017-09/imdktdczmzpcnhlm.x;1
data/rtf-2017-09/vkgjtxyksznjxtyc.x;1
data/rtf-2017-09/axzwfzaeuxxfwejs.x;1
data/rtf-2017-09/scpnftyxearufhwd.x;0
data/rtf-2017-09/cejesfaiyyhxavpy.x;0
data/rtf-2017-09/hsqflfaxemiasfvf.x;1
data/rtf-2017-09/aqgpwfysmdtxuvbk.x;1
data/rtf-2017-09/pcwggtapkyuxkdbe.x;1
data/rtf-2017-09/shcvutrcioozblqw.x;1
data/rtf-2017-09/bqzbctqdilbjxjjf.x;1
data/rtf-2017-09/ilqnsbaxijfpldwu.x;0
data/rtf-2017-09/mszwhsdryfwhhvbe.x;1
data/rtf-2017-09/ameyxlovfphdidfr.x;1
data/rtf-2017-09/nrgtrhyhomhdyfyj.x;1
data/rtf-2017-09/lyvffzecowxqlvuv.x;0
data/rtf-2017-09/czpdubqdnwdowoix.x;1
data/rtf-2017-09/oaucedprlpklrhnr.x;0
data/rtf-2017-09/oxeufoptdfjommhl.x;1
data/rtf-2017-09/laiglnccmhxuhvrz.x;1
data/rtf-2017-09/kaponxtyibdmyjhr.x;0
data/rtf-2017-09/nlfrxbxtyhcpkjml.x;1
data/rtf-2017-09/ijqxargdouzzeyms.x;0
data/rtf-2017-09/cjbngrdegvxbbbgu.x;1
data/rtf-2017-09/sfjqwntpwaywbofy.x;1
data/rtf-2017-09/yikwitvbyfrhtryg.x;1
data/rtf-2017-09/eiuzzbupmbzrndol.x;1
data/rtf-2017-09/yybizseevvdqwjcy.x;0
data/rtf-2017-09/wnulmgkmugtcvouo.x;1
data/rtf-2017-09/fozcpgzetbkujyvd.x;0
data/rtf-2017-09/dyozaikdntmzbpaq.x;0
data/rtf-2017-09/vqderghxyjqrppet.x;1
data/rtf-2017-09/fyionyolizqadkip.x;0
data/rtf-2017-09/zqwxwwlldhosqgmg.x;0
data/rtf-2017-09/ejdgcfgoalbhmajg.x;1
data/rtf-2017-09/kcdspfgntflggsat.x;0
data/rtf-2017-09/xkfzqixtyjfktlwl.x;1
data/rtf-2017-09/hzxgnhuujbpojbvv.x;0
data/rtf-2017-09/umbetqvfjrmcfyjj.x;1
data/rtf-2017-09/yosatywrwxlxuqbc.x;1
data/rtf-2017-09/zctkutwwfsptlons.x;0
data/rtf-2017-09/zjghzbpwoqzqrtct.x;1
data/rtf-2017-09/ayqcyidadqjrsbxn.x;1
data/rtf-2017-09/ouvzjbivpziyffzd.x;1
data/rtf-2017-09/eoewiqirsozjrgbw.x;0
data/rtf-2017-09/vbqysjtqhfraoedx.x;0
data/rtf-2017-09/jfrrvtxtfcdecduf.x;1
data/rtf-2017-09/jiuygmluabyrrexz.x;0
data/rtf-2017-09/glnikwuesqizefyy.x;0
data/rtf-2017-09/tkpemeyvbrkmvlgp.x;0
data/rtf-2017-09/kujruxhdgryydljx.x;1
data/rtf-2017-09/imjuwaepjekbfmja.x;0
data/rtf-2017-09/zuxrtymsfcyoujir.x;0
data/rtf-2017-09/abjezghgjlyscyjx.x;1
data/rtf-2017-09/ojdxazievqoaoccd.x;1
data/rtf-2017-09/dsiyrhpxzggrmrqu.x;0
data/rtf-2017-09/qikxfsszmlxafnfp.x;0
data/rtf-2017-09/ahxjtgtecugqclyn.x;0
data/rtf-2017-09/iklievzrjkvycyqu.x;0
data/rtf-2017-09/hwsdsfvljfzspivl.x;0
data/rtf-2017-09/nmgeennkpqjgtatm.x;1
data/rtf-2017-09/pbvuqwvuavhrycuf.x;1
data/rtf-2017-09/zjosigewleanuula.x;0
data/rtf-2017-09/vjlufbwclmiofkvn.x;1
data/rtf-2017-09/ljqtiiasjosvsxfo.x;1
data/rtf-2017-09/zclatqxnpavjuwup.x;0
data/rtf-2017-09/xhcxlvcsfatnzbvf.x;1
data/rtf-2017-09/bnccjlqxdkrebneb.x;1
data/rtf-2017-09/kouimrvdxffywkzg.x;0
data/rtf-2017-09/zkzfzbsizgkjgait.x;1
data/rtf-2017-09/viixnxnnxdvkzive.x;0
data/rtf-2017-09/myjziuvssyqjdken.x;0
data/rtf-2017-09/kwnnlrcfshxxbyyo.x;0
data/rtf-2017-09/heydbqdevrrlhwuz.x;0
data/rtf-2017-09/chfbjamwetdxuwzg.x;1
data/rtf-2017-09/ufqfzrcwwihcxzdt.x;0
data/rtf-2017-09/xuvombzmnkcynvdq.x;1
data/rtf-2017-09/jrgsikrpuhrbjkna.x;1
data/rtf-2017-09/tcacftocjrpxeunl.x;0
data/rtf-2017-09/wopvataemzwcimct.x;1
data/rtf-2017-09/iamzlqftyiwsaryo.x;0
data/rtf-2017-09/zpblfllvmqytlijp.x;0
data/rtf-2017-09/pzbxqdgvowjozdua.x;1
data/rtf-2017-09/athdycerfztgvmpx.x;0
data/rtf-2017-09/vzqpevpuliupfrdq.x;0
data/rtf-2017-09/xzpaqbskmlxuhulg.x;0
data/rtf-2017-09/doivgbdlomifhiaq.x;0
data/rtf-2017-09/xezuqmbjkowzelzl.x;0
data/rtf-2017-09/eazdwdgznsdefjpn.x;0
data/rtf-2017-09/vexnuhhlwnygterx.x;0
data/rtf-2017-09/gtdhslquccmkfagl.x;1
data/rtf-2017-09/bstoxjzcogcpocha.x;0
data/rtf-2017-09/vvxyrwvwbiddhvkq.x;1
data/rtf-2017-09/egpilcqdjbchrjqi.x;0
data/rtf-2017-09/vkoekqtspylzgkfw.x;0
data/rtf-2017-09/hrbtbrzljpnajiwd.x;1
data/rtf-2017-09/qdwlxrytliywkhub.x;0
data/rtf-2017-09/ffqczfdnqyrnuswa.x;1
data/rtf-2017-09/vlssvgiahrpkpcgk.x;1
data/rtf-2017-09/sapgluoubvobjhhx.x;0
data/rtf-2017-09/rvpoxmhggqnqvdmn.x;0
data/rtf-2017-09/enciczktnrrdbjzq.x;0
data/rtf-2017-09/xzdhrpgwxzyqfzmp.x;0
data/rtf-2017-09/qwloibbbdvhprlma.x;0
data/rtf-2017-09/aapjmyojwazixcug.x;1
data/rtf-2017-09/hhhcpnruzdntnupi.x;1
data/rtf-2017-09/hiknrtuetdhmflse.x;0
data/rtf-2017-09/ftorfmemcuqpgvsz.x;1
data/rtf-2017-09/dvzeumokcznkswnf.x;0
data/rtf-2017-09/zktmuxngujeqisnz.x;0
data/rtf-2017-09/mhtmbzpxykzbhcrw.x;1
data/rtf-2017-09/huamufxzstvyvcxv.x;0
data/rtf-2017-09/flfnxailmteqfsyj.x;0
data/rtf-2017-09/ofdufordogvbsojw.x;1
data/rtf-2017-09/zbcagtuxlbcnurkq.x;1
data/rtf-2017-09/ubohztrxxliqptcu.x;0
data/rtf-2017-09/sqxtpknhmcafnzrd.x;1
data/rtf-2017-09/vljxiavcldkdckxr.x;0
data/rtf-2017-09/nxvgwgnentjnmffn.x;1
data/rtf-2017-09/hzoaswpuldotgwlr.x;1
data/rtf-2017-09/revdkqpnbssiiwvg.x;0
data/rtf-2017-09/pksfiemqjfoaacvp.x;0
data/rtf-2017-09/ybgwzjltmcpzxwns.x;0
data/rtf-2017-09/qqivdujtjboymgqt.x;0
data/rtf-2017-09/zratjlchsirwiqzz.x;1
data/rtf-2017-09/mjkmemnainijqdgs.x;1
data/rtf-2017-09/gvptsahplkgndasl.x;1
data/rtf-2017-09/rgjwxgnmoyferotu.x;1
data/rtf-2017-09/wtnlkaqawzorznsk.x;1
data/rtf-2017-09/wjfavbfswvsozijc.x;0
data/rtf-2017-09/fhlpwvsickaqjmcn.x;1
data/rtf-2017-09/gmhtanqqyakymzmr.x;0
data/rtf-2017-09/yensccrqyqvicolm.x;0
data/rtf-2017-09/ytulhfllrssjxzdm.x;0
data/rtf-2017-09/jcnncbvvhpsigozj.x;1
data/rtf-2017-09/kpwkaqfpqzpjagnn.x;1
data/rtf-2017-09/tnhketjrnuidzngj.x;1
data/rtf-2017-09/qcjzmhzwrvvwaavt.x;0
data/rtf-2017-09/fyqrtgrbunqznekw.x;0
data/rtf-2017-09/qrxfmdidqxpmgbjj.x;1
data/rtf-2017-09/gkaecfclqevzkmjq.x;1
data/rtf-2017-09/yyebdvulzstpgxio.x;0
data/rtf-2017-09/saphcinbrolmuoqu.x;1
data/rtf-2017-09/pkafhduksqegnmmt.x;1
data/rtf-2017-09/bsbdqgvdylzkfxdg.x;1
data/rtf-2017-09/fcigpletyzozbwli.x;0
data/rtf-2017-09/nrkuvzemmqtbgjxo.x;1
data/rtf-2017-09/uslhacxkbxzvlcub.x;1
data/rtf-2017-09/nbkhhdloabuibedl.x;0
data/rtf-2017-09/jsugyyawgjixekku.x;0
data/rtf-2017-09/urfafvltzqvfhvam.x;0
data/rtf-2017-09/peqohhtuaphnkqrb.x;0
data/rtf-2017-09/qkaxaoxqwiscdeyf.x;0
data/rtf-2017-09/tgychwgqezavvmib.x;0
data/rtf-2017-09/tywfwcgmuxjfncsy.x;1
data/rtf-2017-09/mhqjguxywboxdhvb.x;0
data/rtf-2017-09/gigbruqgvwdrmrpg.x;0
data/rtf-2017-09/udrebvupmitspavt.x;0
data/rtf-2017-09/kyesicxdervuznpn.x;1
data/rtf-2017-09/pbrbozbjkffzkebs.x;0
data/rtf-2017-09/oqmoandzuuscybqt.x;0
data/rtf-2017-09/qqjhknkltmsxfnfs.x;0
data/rtf-2017-09/trdnulymjpzcigpl.x;0
data/rtf-2017-09/mldeknlteujqhkug.x;1
data/rtf-2017-09/rlonfuqtyrrehfro.x;1
data/rtf-2017-09/fmxkgwwonlofmkvz.x;0
data/rtf-2017-09/uuyigebxfrhulkqe.x;0
data/rtf-2017-09/avokrgkpqguspsyp.x;0
data/rtf-2017-09/mtwpvwwumdhuebfu.x;1
data/rtf-2017-09/jqwiudamxwsxxcly.x;1
data/rtf-2017-09/utlypalyipapiwjq.x;0
data/rtf-2017-09/bdhdxsfrntrihkut.x;1
data/rtf-2017-09/sirnujosrtravhns.x;1
data/rtf-2017-09/lutlaklmiizmudsj.x;0
data/rtf-2017-09/kzzfmxtgeewzecii.x;0
data/rtf-2017-09/ekgapepvsnnfbvgy.x;0
data/rtf-2017-09/scwgzbufpeqgesmz.x;1
data/rtf-2017-09/ezpvspfyqngjjkju.x;1
data/rtf-2017-09/qdkvrprykarcawla.x;0
data/rtf-2017-09/znbhbjnudhcyzwlh.x;1
data/rtf-2017-09/ngrjlbzollsgflde.x;1
data/rtf-2017-09/pykkarwilwgnscpy.x;0
data/rtf-2017-09/genmsxfsgbhsohbe.x;0
data/rtf-2017-09/rxpophkupnookiub.x;0
data/rtf-2017-09/mqxhmurylkduusul.x;0
data/rtf-2017-09/xtusjmvbocorpzza.x;1
data/rtf-2017-09/yxbzjizkmaqiwils.x;0
data/rtf-2017-09/attzulwwhsecmocf.x;0
data/rtf-2017-09/gxfqyfmicnwypolw.x;0
data/rtf-2017-09/yeczibexohftnvhd.x;0
data/rtf-2017-09/osphnxjwdzllnqrv.x;0
data/rtf-2017-09/qpueeddunjbgwdvl.x;0
data/rtf-2017-09/hjajtceplqrbaioe.x;0
data/rtf-2017-09/olskvjkreetmolfk.x;1
data/rtf-2017-09/dqdkmucnnrmidrqw.x;1
data/rtf-2017-09/sxtmxanpbpnzzksc.x;1
data/rtf-2017-09/ctalhzlqxllxbvtj.x;0
data/rtf-2017-09/udloufapcnqhiboo.x;1
data/rtf-2017-09/dzlwpfybyfgsskpu.x;1
data/rtf-2017-09/ftdyqfywjslmctwa.x;1
data/rtf-2017-09/zmnkyendbbdlkikk.x;0
data/rtf-2017-09/pcrhtzdaaxajkxga.x;0
data/rtf-2017-09/kdhjfskfkuqsocpf.x;0
data/rtf-2017-09/mdqxzwtlncaqgjar.x;1
data/rtf-2017-09/lwlmzdsqqaoxelgb.x;0
data/rtf-2017-09/tjlvkdkuhbjwesty.x;1
data/rtf-2017-09/mztlimqppxnhhnup.x;1
data/rtf-2017-09/mdviwjutloqldpwb.x;0
data/rtf-2017-09/bokfeelrwoenoftz.x;0
data/rtf-2017-09/khvyjiwyjsfsduma.x;0
data/rtf-2017-09/bmrrfrfvjrvjwcnp.x;0
data/rtf-2017-09/ymgsilcumrlgzhqb.x;0
data/rtf-2017-09/npexesiotzzwduqb.x;1
data/rtf-2017-09/tryekihruolsnmjp.x;0
data/rtf-2017-09/iaqvrdbneydqkysa.x;1
data/rtf-2017-09/bckkcizlrhoqwdmi.x;1
data/rtf-2017-09/ozrosvisqkgbbrgx.x;1
data/rtf-2017-09/bmvcjrpasxptjcoe.x;1
data/rtf-2017-09/uzmxsezxxzikbqmh.x;1
data/rtf-2017-09/dlucaquyqotnbukb.x;0
data/rtf-2017-09/odrggtvcsjoixpav.x;0
data/rtf-2017-09/yczypieiamyynync.x;1
data/rtf-2017-09/lrfaandwovttdruo.x;0
data/rtf-2017-09/bipaettpssxtmvfz.x;0
data/rtf-2017-09/tlnnhhcvbldvtkvp.x;1
data/rtf-2017-09/vcfqpdxrkuqszbwa.x;1
data/rtf-2017-09/agpxzcwpfeeykegf.x;1
data/rtf-2017-09/xroqhcddybhugsol.x;0
data/rtf-2017-09/yecfillwrqpnqjxt.x;1
data/rtf-2017-09/norojnhijoqbjwcb.x;1
data/rtf-2017-09/gydowxcomxyilppn.x;0
data/rtf-2017-09/mnhbcuaostakwtcg.x;0
data/rtf-2017-09/xcleidshciqmzyiv.x;1
data/rtf-2017-09/nlwuhcnbdviukxpc.x;0
data/rtf-2017-09/zjqfgfqhciqhccoe.x;0
data/rtf-2017-09/bdsssjsfsglhpgmc.x;1
data/rtf-2017-09/xbhiajrtnodqeymk.x;0
data/rtf-2017-09/plamtcxcbrbxkynu.x;1
data/rtf-2017-09/lhjoioesaoxonnma.x;1
data/rtf-2017-09/hbzgxzycbmdtahdy.x;1
data/rtf-2017-09/vxflpbxryuguklzw.x;1
data/rtf-2017-09/nzzbyfruvfrnxxje.x;0
data/rtf-2017-09/hcdjrbtnggdmllno.x;1
data/rtf-2017-09/stdskfovmpugcmcg.x;1
data/rtf-2017-09/izmlpuzvppxlwzvs.x;1
data/rtf-2017-09/cwlhtxotybnpbfrc.x;0
data/rtf-2017-09/ssbkaatnrswngsvx.x;1
data/rtf-2017-09/rlmreykvmzawugbv.x;0
data/rtf-2017-09/alykuzofkosbxgqg.x;1
data/rtf-2017-09/kabwvafoxobkuejr.x;1
data/rtf-2017-09/trcdwqnjvpphivcv.x;0
data/rtf-2017-09/pdzpccyswiphrstt.x;1
data/rtf-2017-09/sumgnpkiowovitca.x;1
data/rtf-2017-09/ciuiwmfxkqkaplny.x;0
data/rtf-2017-09/nkwiqrtajlxfdvxv.x;0
data/rtf-2017-09/oqhagugdytvqatdl.x;0
data/rtf-2017-09/ynqenrhrbxhtvenw.x;0
data/rtf-2017-09/dthgdnzzcifvhcct.x;1
data/rtf-2017-09/ekscseoghvvctzuq.x;1
data/rtf-2017-09/zlfvvvzjnbvbushq.x;0
data/rtf-2017-09/awwgwblfjrjageid.x;1
data/rtf-2017-09/gopiyobbahaflnmt.x;0
data/rtf-2017-09/fetwxdqzmkssxkta.x;0
data/rtf-2017-09/chzbzedzlqtlxnoi.x;1
data/rtf-2017-09/mbiklrdpojgnxnqm.x;1
data/rtf-2017-09/kveapduosdpydqid.x;0
data/rtf-2017-09/teyhsgufyhgdbhvk.x;0
data/rtf-2017-09/htrijhptwljymnvv.x;1
data/rtf-2017-09/oqjlzcepwlofqbcd.x;1
data/rtf-2017-09/msaptbdcqltivquz.x;1
data/rtf-2017-09/ahdwpejojxfmgjqg.x;0
data/rtf-2017-09/tkdrcnqygcdzfmbk.x;1
data/rtf-2017-09/aeecauzogjdldnwf.x;0
data/rtf-2017-09/vlckcahkkmoclxpz.x;0
data/rtf-2017-09/erfkjhlofdjtdczz.x;1
data/rtf-2017-09/ozcxdsnradzsjvst.x;0
data/rtf-2017-09/gswnxfsgsnqttesa.x;0
data/rtf-2017-09/evzwbexasxlaeref.x;0
data/rtf-2017-09/fgmcmyqmkxtbrkhd.x;0
data/rtf-2017-09/qserxzyezhmbjlku.x;0
data/rtf-2017-09/wojddhrhhijlgzrn.x;0
data/rtf-2017-09/ufifibtcxbyvpeqn.x;1
data/rtf-2017-09/cbzodcizmogfsdyh.x;1
data/rtf-2017-09/qzlkiaomkmfdvvqn.x;1
data/rtf-2017-09/vbvtwteugyvuanxa.x;1
data/rtf-2017-09/gwryydnriwazlbod.x;1
data/rtf-2017-09/eeyrnlzsclihldny.x;0
data/rtf-2017-09/veahkaxrxrqogarj.x;0
data/rtf-2017-09/jkpuoovjkfflrsan.x;0
data/rtf-2017-09/fnvhgoliyfrxaqed.x;1
data/rtf-2017-09/yjdbbheysvvfuxla.x;0
data/rtf-2017-09/gvnmvhmuhbzxoioy.x;0
data/rtf-2017-09/kzpcdlcfhhwpgshv.x;1
data/rtf-2017-09/iuvtcbdjfhawfrrr.x;0
data/rtf-2017-09/wxpjiyyjseisczag.x;1
data/rtf-2017-09/ywavgqhnrjtiyyuf.x;1
data/rtf-2017-09/axrvsowltaatluee.x;1
data/rtf-2017-09/benfwpadgwigulkl.x;1
data/rtf-2017-09/dcduyfnlfocezawf.x;0
data/rtf-2017-09/griicjmaedndirzk.x;0
data/rtf-2017-09/nkrvqkzlaabjqzus.x;0
data/rtf-2017-09/styxgdugsxyiekdr.x;1
data/rtf-2017-09/dptmpjiobuvpktvd.x;0
data/rtf-2017-09/tyynsktprhcizmqr.x;0
data/rtf-2017-09/woyzuahfdcsdtpql.x;0
data/rtf-2017-09/shhhstilwjiwwnrg.x;0
data/rtf-2017-09/wxoklzmzmjqyplgg.x;0
data/rtf-2017-09/lpbufsgcburqhptp.x;0
data/rtf-2017-09/fqxaevptquzefxef.x;0
data/rtf-2017-09/hcwfpurbvbyadwqd.x;1
data/rtf-2017-09/yfiivbsswpnqlfoc.x;0
data/rtf-2017-09/popzycvjmuxkhpqb.x;1
data/rtf-2017-09/qgnlpyxgqsfukpqy.x;0
data/rtf-2017-09/zcmqilkenogpcohi.x;0
data/rtf-2017-09/hrfcvvhqbdnoorgl.x;0
data/rtf-2017-09/hiqwiiqffllwktrp.x;1
data/rtf-2017-09/ocnkqgnwfpzreuuc.x;1
data/rtf-2017-09/wiyzswilxyjgglcz.x;0
data/rtf-2017-09/iluzesvryanhwyve.x;0
data/rtf-2017-09/gydtxssrrkrzxxih.x;1
data/rtf-2017-09/jcorjbehumvjrdsf.x;0
data/rtf-2017-09/vhsqrnjqavhzraxp.x;1
data/rtf-2017-09/yspjwwvofbgoyujw.x;1
data/rtf-2017-09/axqwdicgnloqhsgm.x;1
data/rtf-2017-09/lxymjbmcfgckahmp.x;1
data/rtf-2017-09/mzlrjqucurjrcjrh.x;1
data/rtf-2017-09/owpiiihhcvobvkea.x;1
data/rtf-2017-09/ehgyccgkglymnpbp.x;0
data/rtf-2017-09/jabbswgmwbdhpavi.x;0
data/rtf-2017-09/gswqcbrqdrswtptb.x;1
data/rtf-2017-09/ksbajyzsrsashlhm.x;1
data/rtf-2017-09/nqibmkrrclalhakx.x;1
data/rtf-2017-09/jxoxuinrlzemuegd.x;0
data/rtf-2017-09/pzzpbuwdfhjbvlsy.x;0
data/rtf-2017-09/mmfwqzbegflmkcjl.x;1
data/rtf-2017-09/gplsrllgfpfhfflz.x;0
data/rtf-2017-09/amnqnktexzkbbfcx.x;1
data/rtf-2017-09/fmynsxdjeuurdyap.x;1
data/rtf-2017-09/ncsegqskusnxygqr.x;0
data/rtf-2017-09/mflfglomvjangzjo.x;0
data/rtf-2017-09/vnjwztyfdvcgsvtt.x;0
data/rtf-2017-09/qnwwsgsilxgplfwn.x;0
data/rtf-2017-09/kepogzqzjaiqrrsh.x;1
data/rtf-2017-09/lfezajvlmcflhdeb.x;0
data/rtf-2017-09/fxpigfpasqqoctlc.x;0
data/rtf-2017-09/cumqnnkemkarohil.x;0
data/rtf-2017-09/rmjdzkglbkhwsppu.x;0
data/rtf-2017-09/vslflvmkyfqnzrom.x;0
data/rtf-2017-09/fypkkhzlzmorpurm.x;1
data/rtf-2017-09/wpyahbptgrxfxhzd.x;0
data/rtf-2017-09/bxpjqvuacoxdsdsh.x;1
data/rtf-2017-09/mxnollbnzrcqzebn.x;1
data/rtf-2017-09/mrqrpnyoaceqsnlr.x;0
data/rtf-2017-09/txujhuandjbqhise.x;1
data/rtf-2017-09/dfmnzwvyxlkocdjg.x;1
data/rtf-2017-09/qzzfjqivuwnnvasb.x;1
data/rtf-2017-09/uwyptdxhvwotdkek.x;0
data/rtf-2017-09/lpzmaamzgmomjeuw.x;1
data/rtf-2017-09/pzlihlahrsaxprkv.x;0
data/rtf-2017-09/lylypqnneysgcrpb.x;1
data/rtf-2017-09/ohvrlgdnouslnrtc.x;0
data/rtf-2017-09/awgbmxcxldxtmaut.x;0
data/rtf-2017-09/kuuxmvvkvedvzrli.x;1
data/rtf-2017-09/jwsbrodhydsexsck.x;0
data/rtf-2017-09/lmqeumfkjdevxtuc.x;0
data/rtf-2017-09/xvgtfiyptpkvddrr.x;0
data/rtf-2017-09/jiuybwuxrhjpdhkz.x;1
data/rtf-2017-09/picfsafukumdfesb.x;1
data/rtf-2017-09/gbjlabgzxstlqaao.x;0
data/rtf-2017-09/typgbzhsrgdylswb.x;1
data/rtf-2017-09/ljqvapatgujgxvyu.x;1
data/rtf-2017-09/qceasuwvvujtpatp.x;0
data/rtf-2017-09/uizdykeuhcrvvygv.x;1
data/rtf-2017-09/ebnfnplcwypjwvef.x;1
data/rtf-2017-09/ebaeecbyyshreglc.x;0
data/rtf-2017-09/yaobsvfcootdakbk.x;0
data/rtf-2017-09/cuivlqdijwxtrlpf.x;0
data/rtf-2017-09/jykrjyuszzjenkjs.x;0
data/rtf-2017-09/mittkqjbxamhgyub.x;1
data/rtf-2017-09/clfbskmhdzsvcoyc.x;1
data/rtf-2017-09/tzlmhathjoawkirp.x;0
data/rtf-2017-09/kkzmvwaqfebctkis.x;0
data/rtf-2017-09/yqawiuwufutapkom.x;0
data/rtf-2017-09/ajdndlocckmijwgu.x;0
data/rtf-2017-09/xsmkksvgeiqvzhir.x;1
data/rtf-2017-09/bwathheqxbxuyxwf.x;1
data/rtf-2017-09/vijsqzlwrjukeupu.x;0
data/rtf-2017-09/sclmkvijludozcdp.x;1
data/rtf-2017-09/tbhcqfchdgyssnhh.x;0
data/rtf-2017-09/dzafonoaajyseodg.x;1
data/rtf-2017-09/lfxalanblzymcsvf.x;0
data/rtf-2017-09/gddxuuvueamyovyb.x;0
data/rtf-2017-09/neshseuhtxaxsdhn.x;0
data/rtf-2017-09/sroqupzrojvffnhe.x;0
data/rtf-2017-09/ffxecnlegtktokvw.x;1
data/rtf-2017-09/qavczhejmxdiqjfy.x;1
data/rtf-2017-09/nfoclmtjuxjjkifr.x;0
data/rtf-2017-09/tioyrtfkhhnlskmj.x;1
data/rtf-2017-09/jcnkhowphoqcmtmf.x;1
data/rtf-2017-09/yadegkcukukcfhfp.x;0
data/rtf-2017-09/npqelclviipehnjt.x;0
data/rtf-2017-09/kmgljmhhkpxhnkhc.x;1
data/rtf-2017-09/mcfbfovdfjxkzjol.x;1
data/rtf-2017-09/znleejhhqsonajej.x;1
data/rtf-2017-09/fzuotfwunkodkknx.x;1
data/rtf-2017-09/rycugblfjdhecipp.x;0
data/rtf-2017-09/tcxjdjialgraymrb.x;1
data/rtf-2017-09/hvlgsrsmchxhvjhm.x;0
data/rtf-2017-09/dymxzfinlkuhxxkn.x;0
data/rtf-2017-09/xcrlcnwdryrzicox.x;0
data/rtf-2017-09/jxbqvsaxylixynmq.x;1
data/rtf-2017-09/zeiozbckafbtpsta.x;0
data/rtf-2017-09/ixectsetmhiuvavw.x;0
data/rtf-2017-09/rlunzvxzaphhaicv.x;1
data/rtf-2017-09/cceefltrkaxwoxhj.x;0
data/rtf-2017-09/yylloftnsrnllsnp.x;1
data/rtf-2017-09/hqwfjxxadqzlxyck.x;1
data/rtf-2017-09/suavtrneigqmcqde.x;1
data/rtf-2017-09/ubjhwlylqxdwakut.x;0
data/rtf-2017-09/evikjrpmkieexzeb.x;0
data/rtf-2017-09/ktyyvernotpnhprj.x;1
data/rtf-2017-09/lqfdkgmbmmbilylr.x;0
data/rtf-2017-09/wnsocmyfkibmskmj.x;1
data/rtf-2017-09/svcooturbyteobft.x;0
data/rtf-2017-09/bcoajmqfckijxcmn.x;1
data/rtf-2017-09/lalkxcylvnhfsusg.x;1
data/rtf-2017-09/mhmrqaknnzfnorin.x;0
data/rtf-2017-09/yfiymyihezlwwnpj.x;1
data/rtf-2017-09/qkbmdjnkphnidvll.x;1
data/rtf-2017-09/zauoqvuozbhijokd.x;0
data/rtf-2017-09/dgidnmvaacmntbie.x;0
data/rtf-2017-09/kkjhifbyfhksmbop.x;0
data/rtf-2017-09/ohubufnjdzjngetu.x;0
data/rtf-2017-09/oraupauqyfceotzh.x;0
data/rtf-2017-09/bfexzqqtseiwmlhm.x;1
data/rtf-2017-09/upawwopvcycvfows.x;1
data/rtf-2017-09/pbfijaceahtgkocd.x;0
data/rtf-2017-09/kqnqvwsevlpmeqrh.x;0
data/rtf-2017-09/vxmidxcnkdcgfgfc.x;1
data/rtf-2017-09/sfiltaduvvpiajms.x;1
data/rtf-2017-09/oizvpxrnydziybmc.x;1
data/rtf-2017-09/qcmeadbiquyxymno.x;1
data/rtf-2017-09/gzfvyfvinrcleamr.x;0
data/rtf-2017-09/jvqznqutoouoyyxm.x;1
data/rtf-2017-09/enqkksjqgunhrshr.x;1
data/rtf-2017-09/kcdbcsrrcnwxzwsx.x;1
data/rtf-2017-09/xgitzlgftbancwdf.x;1
data/rtf-2017-09/kxwxbalnxebvszbe.x;1
data/rtf-2017-09/fzktvglfflmjoueb.x;1
data/rtf-2017-09/gciwgaqbtyyqpgfw.x;0
data/rtf-2017-09/wyurrqhrbywlixvt.x;0
data/rtf-2017-09/gppznyixjhozinys.x;1
data/rtf-2017-09/gvbjexwgfxbsywwm.x;0
data/rtf-2017-09/fgapyhpeohpdvlxo.x;0
data/rtf-2017-09/cusagbgnsrzylmdt.x;1
data/rtf-2017-09/cjefudtlhycgfsbb.x;0
data/rtf-2017-09/dlwhvrcgiqftqfnn.x;0
data/rtf-2017-09/ufpkqxxugnnwsrzp.x;0
data/rtf-2017-09/dnbrmkjqlzuzmkxd.x;0
data/rtf-2017-09/uoamkxhreakrujho.x;0
data/rtf-2017-09/sffnwqohkdhwgaph.x;0
data/rtf-2017-09/sbvpdzaortgubeex.x;1
data/rtf-2017-09/byifzhjtaajxouok.x;1
data/rtf-2017-09/dydotkhexsqiysxe.x;0
data/rtf-2017-09/heknzwmvxdufmlmj.x;0
data/rtf-2017-09/uqizihdfyitdndxh.x;1
data/rtf-2017-09/ntrnvywvyaoeouwd.x;0
data/rtf-2017-09/fzsjikpjltwprboi.x;1
data/rtf-2017-09/bfggtpayltlgigod.x;1
data/rtf-2017-09/efpjaigpszjrxiqd.x;1
data/rtf-2017-09/loswlpkqbgsnqvyt.x;1
data/rtf-2017-09/lqvplfgdfhhyssbu.x;1
data/rtf-2017-09/nrdmbelsqukgbffv.x;0
data/rtf-2017-09/aumciqhlazhurgql.x;0
data/rtf-2017-09/bgrufiagwvetpwai.x;0
data/rtf-2017-09/gbxhihqlcsdxrsno.x;1
data/rtf-2017-09/suzjzclovgdqhdly.x;0
data/rtf-2017-09/fgfbixywijxtrrgl.x;0
data/rtf-2017-09/keymtfajpgagovuo.x;1
data/rtf-2017-09/yakgzheqyldsjatt.x;0
data/rtf-2017-09/visynihnxkkjrqjv.x;0
data/rtf-2017-09/qtnvjaxnmpsbxwej.x;0
data/rtf-2017-09/lblvbwnvlgbxyvny.x;1
data/rtf-2017-09/dvrpypptrxlcqcsj.x;1
data/rtf-2017-09/uhykkfbadqxdjryn.x;0
data/rtf-2017-09/eijoymmsvbetnubg.x;1
data/rtf-2017-09/hetkceszxylkxbzd.x;1
data/rtf-2017-09/nupkfpmpokzvwpho.x;1
data/rtf-2017-09/bjlixooxvdnbguex.x;1
data/rtf-2017-09/bzsptmwovtosffaz.x;0
data/rtf-2017-09/pioszowoofmtexnq.x;0
data/rtf-2017-09/jjaxobmxuxpbvaii.x;0
data/rtf-2017-09/irlzaxzvggrowfsd.x;1
data/rtf-2017-09/dgoxapckhbuajwfm.x;0
data/rtf-2017-09/kmmfvhnvfavghclz.x;0
data/rtf-2017-09/xtypeahbhjmqjxjl.x;1
data/rtf-2017-09/bncsfmpjiopriwww.x;1
data/rtf-2017-09/kxkaqrzodamepsrw.x;1
data/rtf-2017-09/daarcfsramtoerix.x;0
data/rtf-2017-09/iyywytfhqvtrjfqw.x;0
data/rtf-2017-09/uvnwqnjckykikiex.x;1
data/rtf-2017-09/lvyuoygxmovjvgpe.x;0
data/rtf-2017-09/kvydbaeylbbujuac.x;0
data/rtf-2017-09/cpwjcbcthemsmvsj.x;1
data/rtf-2017-09/cpovkxydjxahgzga.x;1
data/rtf-2017-09/ameohdsifgfldaun.x;0
data/rtf-2017-09/xkvrklcnlweucfpp.x;1
data/rtf-2017-09/itpbqhbdqlbyoxyh.x;0
data/rtf-2017-09/qjmspumremfuufow.x;0
data/rtf-2017-09/xebekeyytaxsusst.x;0
data/rtf-2017-09/sycqppyptgvnvypd.x;0
data/rtf-2017-09/bjqfgssnrylydfpd.x;0
data/rtf-2017-09/hjhxsqmvfccsnsuk.x;0
data/rtf-2017-09/aealaobjqctjiwgz.x;1
data/rtf-2017-09/xvweexjvapivlffx.x;0
data/rtf-2017-09/jdgydqpomkjezfnw.x;1
data/rtf-2017-09/bhvamlatocbotsvy.x;1
data/rtf-2017-09/szllcwpruhkmmmhk.x;0
data/rtf-2017-09/rgkxcbpblvrrpxhz.x;0
data/rtf-2017-09/gtnxqyhbujeukvau.x;0
data/rtf-2017-09/jrthdwyguuihucjn.x;0
data/rtf-2017-09/cfkbxkagbrcibmke.x;0
data/rtf-2017-09/ipaduhxfkpdwtaun.x;0
data/rtf-2017-09/olrkeffqmoazmngh.x;0
data/rtf-2017-09/tsjbugiqolydmfrd.x;0
data/rtf-2017-09/gzsbeeayakbybrzk.x;1
data/rtf-2017-09/zrfyqhvtbhvvidsn.x;1
data/rtf-2017-09/ubzatjnqkrydjccs.x;0
data/rtf-2017-09/rsmvhgkjsqxohsul.x;1
data/rtf-2017-09/acgcinqpiwgpbfsb.x;1
data/rtf-2017-09/vcuhfsgswnpyzhdo.x;0
data/rtf-2017-09/fvsentzasdpbzevt.x;1
data/rtf-2017-09/frieqwjazoxaggia.x;0
data/rtf-2017-09/rjizcyqmrpvghzfx.x;1
data/rtf-2017-09/wfiaztssocsfuqaj.x;0
data/rtf-2017-09/autctbprkbqnkgpf.x;0
data/rtf-2017-09/jsnbahxvqqhjsupb.x;1
data/rtf-2017-09/bawsledmegokrcrq.x;0
data/rtf-2017-09/lwirlodfwczffzzr.x;0
data/rtf-2017-09/pcdeziqrhenojnhb.x;1
data/rtf-2017-09/tusocrqdwtjutljk.x;0
data/rtf-2017-09/yuwyxjiniufxlybl.x;1
data/rtf-2017-09/vptzjoshgcxhniwk.x;0
data/rtf-2017-09/qouwuoaquveiiqhz.x;0
data/rtf-2017-09/vxagbxzjrabrynvk.x;1
data/rtf-2017-09/scgvnzgycrbhzshb.x;0
data/rtf-2017-09/gaoqysfaevpgcbqj.x;0
data/rtf-2017-09/whnhvbvzyygswjst.x;0
data/rtf-2017-09/enupkzlghpqvltxm.x;1
data/rtf-2017-09/pthenpkxkbcnuvmy.x;0
data/rtf-2017-09/guenwaxoxxswkrbw.x;0
data/rtf-2017-09/lzpbhzfupqybouzy.x;1
data/rtf-2017-09/xpturpfgdlymmqua.x;0
data/rtf-2017-09/jyxngcmqwxunfmrc.x;1
data/rtf-2017-09/tgcbdplrrgblbwhi.x;0
data/rtf-2017-09/ibrqfxljhbsmscks.x;0
data/rtf-2017-09/ixxbhfcxqlccpwrj.x;0
data/rtf-2017-09/uwkfcwgtbsjwirrm.x;0
data/rtf-2017-09/mbeevhdyqhngxlzc.x;1
data/rtf-2017-09/iehsiibbbioaljbf.x;1
data/rtf-2017-09/bdodplxltipyfnhu.x;1
data/rtf-2017-09/bvrleevjnyvfzycg.x;1
data/rtf-2017-09/obtryifjynfpbyav.x;1
data/rtf-2017-09/gcfbpkjbcjgqiynx.x;0
data/rtf-2017-09/hogwqrfgpsgrtnmj.x;0
data/rtf-2017-09/zkguwukqkqrwrdlc.x;0
data/rtf-2017-09/wexpbsikozehlsty.x;1
data/rtf-2017-09/qnmslphwkleagmfw.x;0
data/rtf-2017-09/sxeufgyalfsmxgqp.x;0
data/rtf-2017-09/hkqqricjqofpnuxv.x;0
data/rtf-2017-09/dxtsqetufnhgndex.x;1
data/rtf-2017-09/dihlhglcwfbvbwdw.x;0
data/rtf-2017-09/kvjtnodflypusqzn.x;0
data/rtf-2017-09/wetxlpactxjticbk.x;1
data/rtf-2017-09/fivmnuwzsfxcqxmy.x;1
data/rtf-2017-09/bkbowfzbpwurkzke.x;1
data/rtf-2017-09/gjsdxftmoggzevui.x;1
data/rtf-2017-09/eygzwygjszmjmget.x;1
data/rtf-2017-09/wbvelrvatuvtkrmp.x;0
data/rtf-2017-09/bgfurwsdehcakcfq.x;1
data/rtf-2017-09/sngrnqszjmpdxgtc.x;0
data/rtf-2017-09/eywdkkqxintffexn.x;0
data/rtf-2017-09/fjlmnrexniufqcsh.x;1
data/rtf-2017-09/tmzoaiekohbdjyds.x;1
data/rtf-2017-09/bhxtnlrcwicgerwd.x;0
data/rtf-2017-09/nsoetuogstcfilau.x;1
data/rtf-2017-09/jdvmpjxzrchsvpij.x;1
data/rtf-2017-09/dhwikgykotvcxmef.x;0
data/rtf-2017-09/pyaawncuftkdsbby.x;0
data/rtf-2017-09/dkxhbgudaucfwolr.x;1
data/rtf-2017-09/sndsigcjmjhbggbf.x;1
data/rtf-2017-09/qetnnxzbogxxcelc.x;1
data/rtf-2017-09/yghoydqjnxauvdaj.x;0
data/rtf-2017-09/wihfemptrabzqzwm.x;0
data/rtf-2017-09/rznmtsoftgnjswpy.x;0
data/rtf-2017-09/uxpcjgrtmwvemshi.x;1
data/rtf-2017-09/rqtppbynslmlbzve.x;1
data/rtf-2017-09/jfkpcyiwhhvvwobs.x;0
data/rtf-2017-09/xiloeqjpgxnycnzx.x;0
data/rtf-2017-09/fczuejyejkfjnzac.x;1
data/rtf-2017-09/rakalnuoqubdfcwo.x;0
data/rtf-2017-09/oavmsbtbfujhcpov.x;0
data/rtf-2017-09/vmddzffzjsquopsm.x;0
data/rtf-2017-09/tdbffyjrxtvibiui.x;0
data/rtf-2017-09/mehlxwsrtkhcuzgy.x;0
data/rtf-2017-09/lloqaeqvuzqywsiu.x;0
data/rtf-2017-09/rzniachczpzfhohk.x;1
data/rtf-2017-09/qcgyatnymhzxvedn.x;0
data/rtf-2017-09/lprlfuxcjpivznjo.x;0
data/rtf-2017-09/itogdzjtocqhmcsr.x;0
data/rtf-2017-09/xjllxaizvbamlwmn.x;1
data/rtf-2017-09/gipmxqfzvqedrbyn.x;1
data/rtf-2017-09/sppqnucdgtfwgznm.x;0
data/rtf-2017-09/lwotcgfcfbmfbdft.x;0
data/rtf-2017-09/ilvgklylozxbudal.x;0
data/rtf-2017-09/oidlholecgdwwhhw.x;0
data/rtf-2017-09/dflsohhhnagiehxv.x;1
data/rtf-2017-09/qfledtkczwiqfsnr.x;0
data/rtf-2017-09/gkqufwjnsparmgaj.x;1
data/rtf-2017-09/uiativtlfqbclsrq.x;0
data/rtf-2017-09/ukplzoedzlmgstfs.x;1
data/rtf-2017-09/aokdyydkfvfawmpv.x;1
data/rtf-2017-09/jetsmhjtkqdwsism.x;0
data/rtf-2017-09/npapgqncdpmwijkp.x;0
data/rtf-2017-09/iluwldvkrisefned.x;1
data/rtf-2017-09/cgcpnhxzbsfuokah.x;1
data/rtf-2017-09/cqfhouaylyjszhvi.x;0
data/rtf-2017-09/ibpidwjtukcreabi.x;1
data/rtf-2017-09/zkjmdoznwhwezfot.x;1
data/rtf-2017-09/gmluponmbfthtwvq.x;0
data/rtf-2017-09/bcecbgjvpxybckjr.x;0
data/rtf-2017-09/pewiotiexwqmcmpu.x;1
data/rtf-2017-09/bsqmructwbbxlbvv.x;0
data/rtf-2017-09/szbsqcgfcgunsqxr.x;1
data/rtf-2017-09/oqzhgwnxwcjkjnst.x;1
data/rtf-2017-09/pinoiscvzfbllceh.x;0
data/rtf-2017-09/ekbabryrpyelkfws.x;1
data/rtf-2017-09/gnoqjpjgggusdhkd.x;1
data/rtf-2017-09/kxjvrtxamztsfnnb.x;1
data/rtf-2017-09/bibqweqoxozjjzke.x;1
data/rtf-2017-09/ybzcmdzzuqxuquju.x;0
data/rtf-2017-09/bdsiolikhhmvoyas.x;0
data/rtf-2017-09/hrjykqrnydvlgvfa.x;1
data/rtf-2017-09/vqjuuauqmxijvczv.x;0
data/rtf-2017-09/sqrxvvsvutcabfxx.x;1
data/rtf-2017-09/shhkeyktfwmawxso.x;1
data/rtf-2017-09/xyisolciyjlliudv.x;1
data/rtf-2017-09/xshcjfvgaynaokkx.x;0
data/rtf-2017-09/hngdhzkzkegffezm.x;1
data/rtf-2017-09/pczjyeyknsyjydky.x;1
data/rtf-2017-09/zpuxessrcrupzwlr.x;0
data/rtf-2017-09/qislzwpkhuwndfho.x;1
data/rtf-2017-09/zvcljyfrfhssmmkd.x;0
data/rtf-2017-09/fvxclhszokvuuwjw.x;1
data/rtf-2017-09/fmiajkfszmqelzkq.x;0
data/rtf-2017-09/fyjawsxcwrpbtykx.x;1
data/rtf-2017-09/aowtikakzttgdcbu.x;0
data/rtf-2017-09/dijjxdhxlosfcqmx.x;1
data/rtf-2017-09/aypwchnhhgophdnn.x;1
data/rtf-2017-09/skdjfhhbpdqdvoby.x;0
data/rtf-2017-09/ainjppuaspppvtou.x;0
data/rtf-2017-09/qwgjqejgbigczklh.x;0
data/rtf-2017-09/zumgydxcqswvkohf.x;1
data/rtf-2017-09/vmtidkpzpnzmqphr.x;0
data/rtf-2017-09/vrodfgbwwaoeajda.x;0
data/rtf-2017-09/epqzryssjdtihhew.x;1
data/rtf-2017-09/vjbbeewkopaiiyff.x;0
data/rtf-2017-09/sdtckcjhmyrsdzrg.x;1
data/rtf-2017-09/roppopqrxxszbqmh.x;0
data/rtf-2017-09/umwujbcfympvedno.x;1
data/rtf-2017-09/skcdzshdwquwxjuf.x;0
data/rtf-2017-09/rabzztrmdhbganxg.x;0
data/rtf-2017-09/kezuqslgraawngma.x;0
data/rtf-2017-09/wtbziknlgbndasyj.x;1
data/rtf-2017-09/hmwvrshulylzcpfm.x;1
data/rtf-2017-09/ugsxufinusxkywfb.x;0
data/rtf-2017-09/enawtbqtxejoffcl.x;1
data/rtf-2017-09/lwmddyyypsqymjuy.x;0
data/rtf-2017-09/oqffbpgvdfphqlfk.x;0
data/rtf-2017-09/xzldpdplymutedvz.x;0
data/rtf-2017-09/mdmznoqhbjnujpue.x;0
data/rtf-2017-09/pzemcyussgspmvoo.x;0
data/rtf-2017-09/imsotnywogbsyrke.x;1
data/rtf-2017-09/tdvffcdegombyhfh.x;0
data/rtf-2017-09/gjejvsqpqoxzwnbm.x;1
data/rtf-2017-09/csqclhlnnhdyeonm.x;0
data/rtf-2017-09/cgrrpvlkonywktlt.x;0
data/rtf-2017-09/dwbrpbpsotklrmjj.x;1
data/rtf-2017-09/tfsydyznqueiiujq.x;0
data/rtf-2017-09/hwljiwwzcqbrdlkf.x;0
data/rtf-2017-09/evstqglsxioxakth.x;1
data/rtf-2017-09/fuvxqevpgtpjqlli.x;0
data/rtf-2017-09/xnxmcukvgezdeiet.x;1
data/rtf-2017-09/koejbmytekycdrpj.x;0
data/rtf-2017-09/fnnfzkpjotclircd.x;1
data/rtf-2017-09/piuiwfnpexouwzsa.x;0
data/rtf-2017-09/riwtpqgpsebyypmj.x;0
data/rtf-2017-09/xqpxstnylvrzalhs.x;0
data/rtf-2017-09/jllubkeflvukjdzu.x;0
data/rtf-2017-09/aqhlncvevajdsnhv.x;0
data/rtf-2017-09/ghbzjcdunplzzjci.x;1
data/rtf-2017-09/bukxxogbaumzqyzm.x;1
data/rtf-2017-09/nqkujdvcaprbldzk.x;1
data/rtf-2017-09/lpxclryqdqzoumyo.x;1
data/rtf-2017-09/iddlioxooanwyzyq.x;1
data/rtf-2017-09/dhiyjwcxhtfxzamq.x;0
data/rtf-2017-09/ljuvpmdbtqvruxpz.x;0
data/rtf-2017-09/ubfgvawqiochdbll.x;1
data/rtf-2017-09/gaiiagngcyxrpxdq.x;1
data/rtf-2017-09/bgbwanswrzabyzrw.x;1
data/rtf-2017-09/goekgwakghsaldgi.x;0
data/rtf-2017-09/iirgchqpbgnocovn.x;0
data/rtf-2017-09/ftybkoludkjikssd.x;0
data/rtf-2017-09/ktghybdkxwjqxahw.x;0
data/rtf-2017-09/vntipzlfowputztf.x;1
data/rtf-2017-09/xcamfymjhltegwwn.x;1
data/rtf-2017-09/facmwgnwvdljarqu.x;0
data/rtf-2017-09/jstmlfouzqsdyrwt.x;1
data/rtf-2017-09/alsokymivayqfppo.x;1
data/rtf-2017-09/canmpgsdcwbyrjat.x;1
data/rtf-2017-09/sxvdbfovcmbwuelu.x;0
data/rtf-2017-09/susdwlizdozgpryy.x;0
data/rtf-2017-09/vzztpgzbmuoiwipy.x;1
data/rtf-2017-09/dehyklewkiylunsg.x;1
data/rtf-2017-09/xzymtojmtzpkqhar.x;1
data/rtf-2017-09/oxiokhgfoekdjtcl.x;0
data/rtf-2017-09/hqlycpruguurlyjg.x;1
data/rtf-2017-09/rsaewnlvdfnentav.x;1
data/rtf-2017-09/azcnfammhrijcfkc.x;1
data/rtf-2017-09/uylqusvnrpacdcvm.x;0
data/rtf-2017-09/ckdqttptwugyuktv.x;1
data/rtf-2017-09/dkcrxmktbbnrflsk.x;1
data/rtf-2017-09/yinhnqambxwxjoat.x;0
data/rtf-2017-09/pzugzlwqeljfaqih.x;1
data/rtf-2017-09/sjzczflmsltotlek.x;1
data/rtf-2017-09/fkeqoouajlqykdsm.x;1
data/rtf-2017-09/dlouttlucodtlisn.x;0
data/rtf-2017-09/mxmurigvfrgvldsq.x;0
data/rtf-2017-09/kcdsulglcbmqjika.x;0
data/rtf-2017-09/mglojdnafdymswpv.x;0
data/rtf-2017-09/inlpkhuhkbowgfka.x;1
data/rtf-2017-09/zuyculdclchzfejz.x;1
data/rtf-2017-09/qlhxytazrnptkvec.x;0
data/rtf-2017-09/cgoqqptjsazcynaq.x;1
data/rtf-2017-09/uqtlovrhszaigzys.x;0
data/rtf-2017-09/hblfqbutvdxptiyx.x;1
data/rtf-2017-09/lxhgmjcvtihbtjbi.x;0
data/rtf-2017-09/dkpteyaldbalppcf.x;0
data/rtf-2017-09/houmzxvpehyxoghn.x;1
data/rtf-2017-09/opgrypesvpmjwqnv.x;1
data/rtf-2017-09/kligkenkbefvysmo.x;0
data/rtf-2017-09/nkvoynkphfbnwzxf.x;0
data/rtf-2017-09/kiqwubltsaeqxzrl.x;1
data/rtf-2017-09/fwkhmelaehstklpf.x;0
data/rtf-2017-09/yassphdbfckraxco.x;1
data/rtf-2017-09/eklypwkuydguguxq.x;0
data/rtf-2017-09/hqqgmvsukhxadsde.x;1
data/rtf-2017-09/dzpuadxsibggwqcf.x;0
data/rtf-2017-09/gyfrzvowvdaznukm.x;0
data/rtf-2017-09/mbdsfmfeplgyzuar.x;1
data/rtf-2017-09/eiutxrhfqxwpxwsg.x;1
data/rtf-2017-09/pdbmwcyofrpiylll.x;0
data/rtf-2017-09/mzwrqokwildmrdps.x;1
data/rtf-2017-09/euzrxzgqvuhvbpoa.x;0
data/rtf-2017-09/djyzmmmfnbkpzwso.x;1
data/rtf-2017-09/zqselhdxfqmvtyvj.x;0
data/rtf-2017-09/jwntxaitljixyvxc.x;0
data/rtf-2017-09/iakgiqubtwpaxgbd.x;0
data/rtf-2017-09/bzydqhxodputzkdr.x;1
data/rtf-2017-09/alxievdisttxigwf.x;1
data/rtf-2017-09/nocemyzixfqvwpqk.x;0
data/rtf-2017-09/yyqzszexuapetaab.x;1
data/rtf-2017-09/xhysfvphxtsqvfpx.x;1
data/rtf-2017-09/flbomckvazijdsmz.x;1
data/rtf-2017-09/oestaxctsxafascc.x;1
data/rtf-2017-09/hlikzezfrmzxxpmg.x;0
data/rtf-2017-09/nexxcgrsxvxgymja.x;1
data/rtf-2017-09/qgaqgalzajqnxpbd.x;0
data/rtf-2017-09/gytznuvldlpkamdd.x;1
data/rtf-2017-09/ujisvydsqzbscpsn.x;0
data/rtf-2017-09/awmwrduczvhxqoxa.x;1
data/rtf-2017-09/bznvyvzzghpongxq.x;0
data/rtf-2017-09/whwormoycelmgkfq.x;1
data/rtf-2017-09/jfnsaqazmhfadpdr.x;1
data/rtf-2017-09/hxazirjwusmhryjn.x;1
data/rtf-2017-09/zdzdrozkrvasfnhn.x;0
data/rtf-2017-09/ifxqigslvcqnwwga.x;1
data/rtf-2017-09/pzxfnjzityaywtwr.x;0
data/rtf-2017-09/ownmphghxnaojhsk.x;0
data/rtf-2017-09/avchzgwixcskojlj.x;0
data/rtf-2017-09/cooksiqjdkcgzjqb.x;1
data/rtf-2017-09/aigjktibcfwmysxz.x;0
data/rtf-2017-09/idfgrspzjmzlfywv.x;0
data/rtf-2017-09/edweaxxfzyrqwzhh.x;1
data/rtf-2017-09/mtbknwjpxwzrnwmo.x;0
data/rtf-2017-09/rmcuikxismobrqzb.x;0
data/rtf-2017-09/lcuxryxucwjhenlp.x;0
data/rtf-2017-09/lybdudnqpshwrtae.x;0
data/rtf-2017-09/emokxjelmnfbhtrm.x;1
data/rtf-2017-09/wnsfkmcdrheialwj.x;1
data/rtf-2017-09/ojotxinvmnjflqme.x;0
data/rtf-2017-09/cvxrnofkvpjbrfgo.x;1
data/rtf-2017-09/sdzqwcxkgpbdrnlt.x;0
data/rtf-2017-09/ugbrdoqxjlqrkzwv.x;0
data/rtf-2017-09/etbkeuzghhrizmzk.x;1
data/rtf-2017-09/icpmrtnbphvkmdab.x;1
data/rtf-2017-09/steihkwvujduvfmn.x;0
data/rtf-2017-09/fqwlbqzkcykjyvxb.x;0
data/rtf-2017-09/oncjxxoppglcgcen.x;0
data/rtf-2017-09/iipanfjmwnnszphy.x;1
data/rtf-2017-09/plrkkdonmyjrkeqe.x;0
data/rtf-2017-09/lzxsbdargrucmeod.x;1
data/rtf-2017-09/tyhmmnsqssocrbkv.x;1
data/rtf-2017-09/cfkkhxhwtuoteqii.x;0
data/rtf-2017-09/mjirkcjqztnaghba.x;0
data/rtf-2017-09/gptwmdqyxgrojysv.x;1
data/rtf-2017-09/ytyqmhzyskeuzbqj.x;0
data/rtf-2017-09/rutqsztzgwjrlltv.x;0
data/rtf-2017-09/dyyzimtqjfbcejpq.x;0
data/rtf-2017-09/jmlyuujkuzhzzatq.x;0
data/rtf-2017-09/nogertbkpohwstwq.x;0
data/rtf-2017-09/uxxlkgwfzsglsmxa.x;0
data/rtf-2017-09/vsjtsgkjzgcwoogu.x;1
data/rtf-2017-09/kqiezfkjsxaxfcpq.x;1
data/rtf-2017-09/jigscqsryrqqodss.x;0
data/rtf-2017-09/sgrddrwiumswwzgx.x;1
data/rtf-2017-09/emuvkthzvdcwehmd.x;0
data/rtf-2017-09/rhfjdfkuyrvpylzw.x;1
data/rtf-2017-09/reihyvtoihrnhrxn.x;1
data/rtf-2017-09/efakdejukkevmwhg.x;0
data/rtf-2017-09/ogisnbkommauhxiv.x;1
data/rtf-2017-09/qdmzporjzzmnomfu.x;1
data/rtf-2017-09/jsrdjhndvelzagzs.x;1
data/rtf-2017-09/axxbzhwqxoesnzem.x;0
data/rtf-2017-09/xroosxrwunlltqbe.x;1
data/rtf-2017-09/hvgygxxrknrcdgac.x;1
data/rtf-2017-09/uorygmnmsmtsksur.x;0
data/rtf-2017-09/kkjtjoxyxxfvykws.x;1
data/rtf-2017-09/pxxllqzzourtfrjr.x;0
data/rtf-2017-09/rlkqjptwmzuwznuy.x;0
data/rtf-2017-09/vjkyjcsefawdpicm.x;1
data/rtf-2017-09/omigzreusmexydat.x;0
data/rtf-2017-09/oocezmvbdphhllyu.x;1
data/rtf-2017-09/kpatjbcicujvbtjb.x;0
data/rtf-2017-09/rhedjucrbxsjbhnq.x;1
data/rtf-2017-09/clvpsoxkgmmrhuht.x;1
data/rtf-2017-09/rucgjectsysqpgfo.x;0
data/rtf-2017-09/jyuyhfepclwiiwiy.x;1
data/rtf-2017-09/tscglwnnehfitgvz.x;0
data/rtf-2017-09/uphqqilmndvrpfxq.x;1
data/rtf-2017-09/inuzyrkvibjihapb.x;0
data/rtf-2017-09/hsevtmmuznhhivbx.x;1
data/rtf-2017-09/pzzrdmpsnzdpxsfd.x;0
data/rtf-2017-09/nkyamfwsttcodicl.x;1
data/rtf-2017-09/oshyghtpgvocusrx.x;0
data/rtf-2017-09/pwexjscybwyjivvb.x;0
data/rtf-2017-09/lryzibggsdrgebxv.x;1
data/rtf-2017-09/foxcnbcznnvdhcud.x;1
data/rtf-2017-09/jojsxqsmcdejfmpq.x;0
data/rtf-2017-09/quovtnhtdcvmawrx.x;1
data/rtf-2017-09/lrxrvsqwuvheoiyf.x;0
data/rtf-2017-09/felvfdrkugvhntrg.x;0
data/rtf-2017-09/hbcryypelrhyhfwd.x;0
data/rtf-2017-09/ldznfkhlzdmutfbu.x;1
data/rtf-2017-09/kvimhfcyxrbjmeku.x;0
data/rtf-2017-09/ldilknxpeijdhjqk.x;1
data/rtf-2017-09/rxnibrhqgoivyaco.x;1
data/rtf-2017-09/phvhorhcnyymrwkh.x;1
data/rtf-2017-09/pyqzyhbcwtxkptzq.x;0
data/rtf-2017-09/ilawilolotsjcvlp.x;0
data/rtf-2017-09/ixafiohbfjvwumvv.x;1
data/rtf-2017-09/ajlvmerjfgnqratj.x;0
data/rtf-2017-09/oihzetssaravzeki.x;1
data/rtf-2017-09/iccneaafabtwfzmz.x;0
data/rtf-2017-09/pdqkwaaofkpnbvln.x;0
data/rtf-2017-09/oppwxmqopxowspdt.x;1
data/rtf-2017-09/czrkejcprigvhtme.x;1
data/rtf-2017-09/lmrdussbcfkggceo.x;1
data/rtf-2017-09/jxvzftheacdbxjme.x;0
data/rtf-2017-09/lahpidefvsifigef.x;1
data/rtf-2017-09/flutkothfjyqdsfp.x;1
data/rtf-2017-09/xxghqrlyptmfeybj.x;0
data/rtf-2017-09/hezmgkxhryyencwk.x;1
data/rtf-2017-09/rrweeqahhndoyacn.x;0
data/rtf-2017-09/toywhvijhspsatmu.x;1
data/rtf-2017-09/mjuukoodidqfudln.x;0
data/rtf-2017-09/digwunbitvbjbdqx.x;0
data/rtf-2017-09/zpzfghoqxjicmspa.x;1
data/rtf-2017-09/hrfndptvmgdmdeem.x;0
data/rtf-2017-09/bdhrropgetyorhwg.x;1
data/rtf-2017-09/iqylqtxljldfvslu.x;0
data/rtf-2017-09/vuhkaijsbsabpjoe.x;1
data/rtf-2017-09/sslytrpldgagarrm.x;0
data/rtf-2017-09/dztbdfxvlgdjcbyo.x;0
data/rtf-2017-09/qehtcxhfpuxyqjya.x;1
data/rtf-2017-09/lbhieskprtzhdefn.x;0
data/rtf-2017-09/dcyegkzilnwxnadf.x;1
data/rtf-2017-09/xcwzosbfycpvcfly.x;1
data/rtf-2017-09/tnvkhkjefzybzyst.x;0
data/rtf-2017-09/sjfiwvaxoqnruykt.x;0
data/rtf-2017-09/ailhozggespxagnl.x;0
data/rtf-2017-09/evdlttfzywiowssh.x;0
data/rtf-2017-09/jruzoyfwudgsltpb.x;1
data/rtf-2017-09/akpkwlogbavnvpcc.x;0
data/rtf-2017-09/loyeijvbxolrsgcn.x;1
data/rtf-2017-09/barjfxdjmkkzqqwg.x;1
data/rtf-2017-09/jykfokvkpyntsakl.x;1
data/rtf-2017-09/kaxldbqvwjbhkvoc.x;0
data/rtf-2017-09/qdmfjjdvbvyefybu.x;1
data/rtf-2017-09/ihbghymlaefmerup.x;0
data/rtf-2017-09/iqxutxqoqiyumjmk.x;1
data/rtf-2017-09/sdgbsgyqjskotzur.x;1
data/rtf-2017-09/ljwchunhadqtmpxc.x;1
data/rtf-2017-09/gvxdnwwwunpcvnpc.x;0
data/rtf-2017-09/wdxgzllvbpfesqcp.x;1
data/rtf-2017-09/rijupwpckffdadpt.x;0
data/rtf-2017-09/hcfnbuicdfqoifpk.x;1
data/rtf-2017-09/mdgyhttoopsrfpnx.x;0
data/rtf-2017-09/mxxnnncmychrjxtn.x;0
data/rtf-2017-09/ndcvawmmdtnjchib.x;1
data/rtf-2017-09/chfooscmpndjcqoe.x;1
data/rtf-2017-09/pncytjznexjedarb.x;0
data/rtf-2017-09/lprggutrnkbgipqk.x;1
data/rtf-2017-09/ilwixdgqeysbawjo.x;1
data/rtf-2017-09/zjvlqkkbpzbaaoep.x;1
data/rtf-2017-09/wyiicyupsshyakof.x;1
data/rtf-2017-09/nmzuxhzmpvwpodym.x;1
data/rtf-2017-09/pybtgaiqvqgtvvqn.x;0
data/rtf-2017-09/fraatoaimuzckjuq.x;0
data/rtf-2017-09/yvtrwaqryrzdnchj.x;0
data/rtf-2017-09/vohehzduxuanutai.x;1
data/rtf-2017-09/cddxwpryiskzpqaa.x;0
data/rtf-2017-09/kgwaxzolbbzzbhdz.x;1
data/rtf-2017-09/wnfgvapfonfpyenm.x;0
data/rtf-2017-09/ubkxrecfgpteqwvh.x;1
data/rtf-2017-09/morxaeeefudcktvb.x;0
data/rtf-2017-09/lqugfbkuviaiylus.x;0
data/rtf-2017-09/cznznplqzrfncdzv.x;0
data/rtf-2017-09/fniaxzzrhkdniwqs.x;1
data/rtf-2017-09/nrwkmiyjnwjydrsg.x;1
data/rtf-2017-09/yxrtozykkqsccdvi.x;0
data/rtf-2017-09/uwarmqfnquuozvbi.x;0
data/rtf-2017-09/xtysqbnsyggweonl.x;1
data/rtf-2017-09/btugiqnooatqxadl.x;0
data/rtf-2017-09/rdbsbuagjbzcpsze.x;1
data/rtf-2017-09/khmldkblcbnresrf.x;1
data/rtf-2017-09/skntaraeanysptis.x;0
data/rtf-2017-09/ojikglxxnnltlrbt.x;1
data/rtf-2017-09/fhitdofiqwvnttte.x;0
data/rtf-2017-09/fwqehnddrcaxkvga.x;0
data/rtf-2017-09/tkajlvvqsqlxtmnj.x;0
data/rtf-2017-09/nbgrtunjholgeddl.x;0
data/rtf-2017-09/yahzcfucxfmclkda.x;1
data/rtf-2017-09/ftehxjgzyfdiblnr.x;0
data/rtf-2017-09/xchgojmrqapjawlx.x;1
data/rtf-2017-09/xhdfckxmanliouny.x;1
data/rtf-2017-09/hjfvfoxnisuloiru.x;0
data/rtf-2017-09/skrgxzedctihkmeo.x;1
data/rtf-2017-09/mengkfnufdfbkkxh.x;1
data/rtf-2017-09/ddwaorlsmcztrdgw.x;0
data/rtf-2017-09/lziyyxterfacpfpb.x;1
data/rtf-2017-09/jfsslsllkznqlwcx.x;1
data/rtf-2017-09/kgkxjcxedifujjvc.x;1
data/rtf-2017-09/fkzminwgflnwrleg.x;1
data/rtf-2017-09/piyjduuxqwnsjkjh.x;1
data/rtf-2017-09/wudczdmtkyffterk.x;0
data/rtf-2017-09/mzqtxczojmkyyebn.x;0
data/rtf-2017-09/kfxrpsojklkfbckk.x;1
data/rtf-2017-09/mklfwrjsxmlozykz.x;0
data/rtf-2017-09/gqvlxoccvjwbhfnl.x;1
data/rtf-2017-09/rdwuxwhxqlcbcjfe.x;1
data/rtf-2017-09/iuylfixuxoemenrf.x;1
data/rtf-2017-09/wgyjamdylwqapcvd.x;1
data/rtf-2017-09/xlmklasufoobddwt.x;0
data/rtf-2017-09/tntpgfvuynhyjeyf.x;1
data/rtf-2017-09/bkmuhcuovdmyrshc.x;0
data/rtf-2017-09/pdwsqgitkimdwveg.x;1
data/rtf-2017-09/oinqcicjhojnejxz.x;1
data/rtf-2017-09/ectopdgsgfkxhqwc.x;1
data/rtf-2017-09/jralvkhldkbbyhlo.x;0
data/rtf-2017-09/lcrhujuaeyrjiyrw.x;1
data/rtf-2017-09/isdqewjptkgdwhlm.x;1
data/rtf-2017-09/syuiqsmqkxnmxupi.x;1
data/rtf-2017-09/incozzydycvqgwvc.x;1
data/rtf-2017-09/ybafiieafjewldpp.x;0
data/rtf-2017-09/qddoqnrmuuapifgm.x;0
data/rtf-2017-09/yctjcqouvdvmfsqj.x;0
data/rtf-2017-09/gujelotaaadvedwr.x;1
data/rtf-2017-09/kkjuclynmvaamkpk.x;0
data/rtf-2017-09/ptlqndrteztkdeeh.x;1
data/rtf-2017-09/awdciihqfftlormh.x;0
data/rtf-2017-09/ixjudhlgewwhdlnk.x;1
data/rtf-2017-09/xtpnzmoxjqtfnljs.x;1
data/rtf-2017-09/pdxwniafohvxvgml.x;1
data/rtf-2017-09/hhhjtzjyqesqtuzl.x;0
data/rtf-2017-09/nbotvllcywpzjkrk.x;0
data/rtf-2017-09/mcdkiobmlsbyoboj.x;1
data/rtf-2017-09/qodfbvxicsbcvequ.x;0
data/rtf-2017-09/oikmmqmyszhrzmee.x;1
data/rtf-2017-09/gfmgwzgsagistzgf.x;0
data/rtf-2017-09/vumxbyhwsvwkdxyy.x;1
data/rtf-2017-09/spipvakscpoedaop.x;1
data/rtf-2017-09/hclhsmyxuxtvxwhg.x;0
data/rtf-2017-09/rrrxgugtiffxyqmq.x;1
data/rtf-2017-09/niorjqcahimyyigk.x;1
data/rtf-2017-09/bafbvvlnyetetcel.x;1
data/rtf-2017-09/wvhkydguvshzfren.x;1
data/rtf-2017-09/upjlkolbpbppxtvw.x;0
data/rtf-2017-09/fvclgauqmtqanbbp.x;0
data/rtf-2017-09/medyelevzfxkkekq.x;1
data/rtf-2017-09/bynlqqcepjxrgdwn.x;0
data/rtf-2017-09/zvlvsrriczuikdhx.x;1
data/rtf-2017-09/juvrgtqpiecrwkic.x;0
data/rtf-2017-09/vgzwlsldcwcoiolo.x;0
data/rtf-2017-09/mnziqywewrhuuqdk.x;1
data/rtf-2017-09/fdgdenyalyqwovvt.x;1
data/rtf-2017-09/bkjkgyieghfhlten.x;0
data/rtf-2017-09/amjgttphjalgecut.x;1
data/rtf-2017-09/zmodofdbeiernyva.x;0
data/rtf-2017-09/irtadwkrgirobjpg.x;0
data/rtf-2017-09/xdqvdxxuzlzfatgz.x;0
data/rtf-2017-09/srwvgjshwmyqrhqd.x;1
data/rtf-2017-09/ooheiprpsmapbhoi.x;0
data/rtf-2017-09/tcvaujvojxgizbpj.x;0
data/rtf-2017-09/krnedveofdjuacel.x;1
data/rtf-2017-09/xhatgdmpgjvpruqu.x;0
data/rtf-2017-09/xmrrqivcwjnscblr.x;1
data/rtf-2017-09/afnfglwguixpxbip.x;1
data/rtf-2017-09/dudvclewydiagoxd.x;0
data/rtf-2017-09/atacwjaojavdvsbe.x;0
data/rtf-2017-09/purpmoofebztxfcu.x;0
data/rtf-2017-09/bhrukjvqcopxhbqy.x;1
data/rtf-2017-09/kcazjkonuripdwmm.x;1
data/rtf-2017-09/jtxrlgnxjcqngjfo.x;1
data/rtf-2017-09/vgqjnhvuhgjvwvgy.x;1
data/rtf-2017-09/audnzugzohdvlfah.x;1
data/rtf-2017-09/bzafzoiwhfbnpmbq.x;0
data/rtf-2017-09/huqhgplmwliwsffo.x;0
data/rtf-2017-09/uzjdmokfdokweeng.x;0
data/rtf-2017-09/jnoqgqyyavxpencs.x;1
data/rtf-2017-09/kslphapmdwrzeyyt.x;1
data/rtf-2017-09/xxtqomzasltcojkc.x;0
data/rtf-2017-09/kzptwetefbfniqip.x;1
data/rtf-2017-09/zzsojtonezaecgmj.x;1
data/rtf-2017-09/ufadhnzjztxwjnsa.x;0
data/rtf-2017-09/wwlvfserrvzlnxbb.x;1
data/rtf-2017-09/bzzzphfoxuqdbjrk.x;0
data/rtf-2017-09/qtpcvrfayapxisht.x;0
data/rtf-2017-09/zrljjkpgatklseuj.x;1
data/rtf-2017-09/adluuldjpkjexton.x;0
data/rtf-2017-09/kyymuvcdvhyjfqex.x;0
data/rtf-2017-09/rvbxmiwuasuaiprd.x;0
data/rtf-2017-09/sqeznooiimskhrvo.x;0
data/rtf-2017-09/fzvzelukyptcnyda.x;0
data/rtf-2017-09/dujnwzhppoklpajw.x;1
data/rtf-2017-09/brmcannkfijghayn.x;1
data/rtf-2017-09/wbvazoyrciscyrhe.x;0
data/rtf-2017-09/nkhzmgwusmlsdkeo.x;0
data/rtf-2017-09/zpgdkgmcoxwtcrcf.x;0
data/rtf-2017-09/okfkmlcfgtvsdufd.x;1
data/rtf-2017-09/jfspmotsxfoiynbe.x;0
data/rtf-2017-09/czmkdhqdeimhljfj.x;1
data/rtf-2017-09/hhtauzdliqqcloep.x;1
data/rtf-2017-09/vlbqprdsorqfvlbb.x;0
data/rtf-2017-09/donieflccpdwbgaf.x;1
data/rtf-2017-09/vaspcvguanphbfds.x;1
data/rtf-2017-09/nfmzqgsecpgjzodj.x;1
data/rtf-2017-09/atilxdyqhtdvhojm.x;1
data/rtf-2017-09/nvxvevpmjlurmemu.x;0
data/rtf-2017-09/yeigxhnxdkgzujxm.x;1
data/rtf-2017-09/jdfdcgojaoevnymh.x;1
data/rtf-2017-09/bdlajjiqhrvxxryn.x;0
data/rtf-2017-09/abrjkxgzwuqxbvzw.x;0
data/rtf-2017-09/xeldikydykgifusd.x;0
data/rtf-2017-09/iyxswbpwdjqvksmb.x;0
data/rtf-2017-09/qisstvsdvlehhryo.x;1
data/rtf-2017-09/lbdvtkzziprfwtoc.x;0
data/rtf-2017-09/yqdpslabrbcemcvd.x;1
data/rtf-2017-09/oczkqdbhrbbymtuu.x;0
data/rtf-2017-09/gahlehbxhanklkak.x;1
data/rtf-2017-09/phgyaxmbrlgkbefr.x;1
data/rtf-2017-09/fncjxxqbhpmyhmsb.x;1
data/rtf-2017-09/szpwgakthphutgcy.x;0
data/rtf-2017-09/owfbgviemrwaynmz.x;1
data/rtf-2017-09/hxtfmjtfktxxxxrs.x;0
data/rtf-2017-09/mcwxaqtlmlyctyar.x;0
data/rtf-2017-09/agjrqoextdoqcqaw.x;1
data/rtf-2017-09/xqcoxldncrttflta.x;0
data/rtf-2017-09/qmzxepmsszqrjoyp.x;1
data/rtf-2017-09/hiksjdvxqtlkkkem.x;1
data/rtf-2017-09/zcfrodldesponxoa.x;0
data/rtf-2017-09/khyzjkpcjdeoaupk.x;0
data/rtf-2017-09/jcmwfyootpiwzzkw.x;0
data/rtf-2017-09/wlmmhhrwldlxrlxv.x;0
data/rtf-2017-09/pbwmwvqitjkaprau.x;1
data/rtf-2017-09/thfigctfrjjjxvao.x;0
data/rtf-2017-09/ctvjtihtirrnfxay.x;1
data/rtf-2017-09/ditihvrwbidfmtan.x;0
data/rtf-2017-09/vmxpwrymhtfbplng.x;1
data/rtf-2017-09/bjdnpmdgoatsakwb.x;1
data/rtf-2017-09/kwgxgyznsznwschj.x;0
data/rtf-2017-09/wgltygoisdvswgqt.x;0
data/rtf-2017-09/ipsrayjzheehytpv.x;0
data/rtf-2017-09/jwmnzdqwgzypmjur.x;0
data/rtf-2017-09/nixuayugpbdkrvwx.x;0
data/rtf-2017-09/dcrisxtneqbstuwa.x;1
data/rtf-2017-09/pxsfokuwxduzoqtg.x;1
data/rtf-2017-09/alwnbhkacirfzdqr.x;0
data/rtf-2017-09/smlcftxilmmchtev.x;1
data/rtf-2017-09/dajjpttcjscwfony.x;0
data/rtf-2017-09/xbenjevtofmzvyqm.x;1
data/rtf-2017-09/bmqzgviwweusshvp.x;0
data/rtf-2017-09/ffpfhmmoiwlajgcf.x;1
data/rtf-2017-09/rccrxxxrsdlglnfu.x;0
data/rtf-2017-09/qlxbtfvqjfvetdzf.x;0
data/rtf-2017-09/dukmgfuqmhjvkehm.x;1
data/rtf-2017-09/nwpzunnfdcbcdlmb.x;0
data/rtf-2017-09/mthoqgaftthrmixq.x;0
data/rtf-2017-09/qnadziwtuajaqnfq.x;0
data/rtf-2017-09/xfaqebnwvkhpniou.x;1
data/rtf-2017-09/frsnxdtvynfkggkj.x;0
data/rtf-2017-09/fdtntmlwbsmpgqns.x;1
data/rtf-2017-09/uhyxhgevvkbpkwap.x;0
data/rtf-2017-09/dlmwwclsdxtndvty.x;0
data/rtf-2017-09/jjgarjgxhhebhhca.x;0
data/rtf-2017-09/gxyeuujqslbhvyqn.x;0
data/rtf-2017-09/izgkogjrmshrypda.x;1
data/rtf-2017-09/msjmpohvofoocjkz.x;0
